ID,grading,exam,mark,ASCI1,ASCI2,ASCI3,ASCI4,ASCI5,ASCI6,ASCI7,ASCI8,AMSC01,AMSC02,AMSC03,AMSC04,AMSC05,AMSC06,AMSC07,AMSC08,AMSC09,AMSC10,AMSC11,AMSC12,AMSC13,AMSC14,AMSC15,AMSC16,AMSC17,AMSC18,AMSC19,AMSC20,AMSC21,AMSC22,AMSC23,AMSC24,AMSC25,AMSC26,AMSC27,AMSC28,EBN1,EBN2,EBN3,EBN4,EBN5,EBP1,EBP2,EBP3,EBP4,MSLQ05,MSLQ06,MSLQ12,MSLQ15,MSLQ20,MSLQ21,MSLQ29,MSLQ31,CSC24,CSC28,CSC20,CSC36,CSC16,CSC40,CSC04,CSC12,CSC32,CSC08,Age ,Major,Year,Year_6_TEXT,Credits ,Work ,FirstGen ,Gender ,Gender ,Race ,Race _8_TEXT
T32,trad,74,A-,3,3,5,2,2,2,2,6,1,4,5,3,1,4,5,5,4,5,4,1,5,5,5,5,5,3,1,4,4,5,5,5,4,1,4,4,1,1,1,1,1,3,5,5,5,4,4,5,4,4,4,4,5,4,2,1,4,5,1,2,4,2,3,19,Pharmacology and Toxicology ,2,,0,0,0,I am a woman,9,7,
T33,trad,54,C+,7,1,1,7,4,1,7,1,4,3,4,2,1,2,4,5,2,5,2,1,2,5,5,2,4,2,1,3,4,5,3,4,2,1,2,3,4,2,1,2,1,3,5,5,4,3,3,3,3,3,2,3,3,1,5,5,1,1,5,3,3,5,2,20,Forensics Biology,2,,0,0,0,I am a woman,9,"5,7",
T34,trad,62,A-,6,2,3,5,3,2,4,3,1,2,4,1,1,2,3,3,2,3,2,1,3,3,2,2,4,2,1,2,3,2,3,3,2,1,2,3,4,2,2,4,2,2,4,4,4,2,2,2,2,2,2,2,2,3,5,4,2,3,2,2,3,3,1,22,Mechanical Engineering,5,,0,1,0,I am a woman,9,7,
T35,trad,64,B-,5,3,4,3,2,1,3,4,2,4,4,1,1,3,3,4,2,4,2,1,2,3,3,3,1,1,1,3,3,3,2,5,2,1,3,3,3,1,1,2,3,4,5,5,4,3,4,4,3,3,3,3,3,3,2,1,4,3,1,1,4,2,2,19,Chemical Engineering,2,,0,0,0,I am a man,2,7,
T36,trad,96,A,5,3,2,2,1,2,2,6,3,4,5,1,1,3,1,5,4,5,5,1,3,4,5,4,3,4,1,3,2,4,4,4,1,1,3,4,1,2,1,2,2,2,4,5,4,5,5,5,4,5,5,5,5,5,5,1,5,5,1,2,4,1,3,19,Science,2,,0,1,0,I am a man,2,7,
T37,trad,78,A-,6,1,2,5,4,2,5,4,4,3,4,1,1,2,2,4,2,5,2,1,2,3,5,2,1,2,1,2,1,4,3,3,1,1,2,1,2,1,1,1,2,4,4,5,4,4,3,4,3,4,4,3,4,4,3,2,2,3,2,3,4,2,3,19,biology,2,,0,1,0,I am a woman,9,7,
T38,trad,34,D,5,3,3,5,1,2,2,5,3,3,3,3,2,3,3,4,3,4,3,1,3,3,3,3,3,3,1,3,3,3,3,3,3,2,3,3,4,2,2,4,2,4,4,4,4,1,1,1,1,1,1,1,1,2,4,3,1,2,3,1,5,4,1,22,Forensics ,4,,0,0,0,I am a woman,9,4,
T39,trad,48,C,5,4,5,5,3,5,4,3,2,3,5,3,1,3,5,4,4,5,3,2,3,4,4,4,5,4,1,3,4,4,4,5,4,1,3,4,4,2,2,2,2,4,4,4,4,3,3,5,3,3,4,4,4,4,5,3,2,3,4,2,4,3,3,19,Chemistry,2,,0,1,0,I am a woman,9,7,
T40,trad,78,A,5,3,5,3,2,2,3,1,4,4,4,1,1,5,5,5,3,4,3,1,4,5,4,4,4,3,1,4,5,4,4,4,4,1,4,5,2,1,1,1,2,4,5,5,5,5,5,5,5,5,5,4,5,4,4,1,2,4,2,1,4,1,1,21,Biological Engineering,4,,0,1,1,I am a man,2,7,
T41,trad,84,A,5,3,4,3,2,2,1,6,2,4,5,3,1,4,4,3,4,5,4,1,4,2,3,4,4,4,1,4,3,3,4,5,4,1,4,3,1,2,1,1,1,5,5,5,5,4,4,5,5,4,4,4,4,4,2,1,3,4,1,1,5,2,4,19,Biochemistry and Molecular Biology,2,,0,0,0,I am a man,2,7,
T42,trad,78,A,3,3,5,3,2,5,2,6,2,3,4,4,2,5,1,3,4,4,5,2,4,4,3,4,1,2,1,4,1,2,4,4,4,1,3,1,1,1,2,4,2,4,2,5,2,4,3,5,3,4,4,4,5,5,2,1,5,4,1,1,4,2,5,18,Biochemistry,1,,0,0,0,"I am transgender,I am a woman","8,9",7,
T43,trad,40,C,5,3,4,3,3,2,5,5,2,2,5,3,1,3,5,3,2,4,2,1,2,3,4,3,4,3,1,2,3,2,3,4,2,1,4,4,2,2,2,3,2,3,5,5,3,3,3,4,4,3,3,3,4,2,4,2,2,2,2,2,4,3,1,20,Biology,3,,0,1,1,I am a woman,9,7,
T44,trad,60,A,6,5,5,4,3,3,5,4,4,3,5,1,1,2,3,3,1,3,1,2,2,3,3,2,2,2,1,2,2,2,3,4,2,1,3,3,4,1,1,2,1,4,5,4,4,4,3,3,3,3,2,3,3,3,2,2,3,3,2,2,4,2,4,20,Animal Sciences,3,,0,0,1,I am a woman,9,7,
T45,trad,72,A,7,1,1,7,4,1,5,1,2,4,5,3,1,5,2,2,5,5,5,1,2,3,5,2,3,2,2,4,1,3,1,2,4,3,1,5,2,5,4,4,5,3,5,3,2,2,2,4,2,3,2,4,3,2,3,2,3,3,5,3,4,2,3,19,Biology,2,,0,1,1,I am a woman,9,7,
T49,trad,54,B-,5,5,4,4,2,4,4,4,4,4,4,4,1,4,4,4,4,4,4,1,4,4,4,4,4,4,1,4,4,4,4,4,4,1,4,4,4,2,2,2,2,2,5,5,4,4,4,4,4,4,4,4,4,4,3,1,4,4,2,2,4,2,4,19,Chemical Engineering,2,,0,0,0,I am a man,2,2,
T47,trad,70,B+,6,5,4,3,4,5,4,4,2,4,5,3,1,4,4,2,3,3,2,1,3,4,1,3,4,4,1,3,3,1,4,4,3,1,3,3,3,1,1,1,1,2,2,5,4,3,3,4,4,4,4,4,4,2,4,1,3,3,2,2,4,3,4,19,Molecular Bio,2,,0,0,0,I am a man,2,7,
T49,trad,54,B-,5,2,2,5,5,5,5,2,3,5,5,2,1,5,5,3,3,5,3,2,5,5,2,4,1,3,1,4,4,2,5,5,4,1,5,5,1,2,2,1,1,4,5,5,4,5,4,5,5,5,5,4,5,4,4,1,4,2,2,1,5,3,1,23,chemical engineering,3,"I changed my major, so by actual time I'm a first semester junior but my class sequence I'm a first semester sophomore.",0,0,0,I am a man,2,7,
T50,trad,56,C,3,5,3,4,2,3,4,5,3,4,4,3,1,3,3,4,4,4,4,1,4,4,4,4,4,4,1,4,4,4,4,4,4,1,4,4,1,1,2,1,1,4,5,5,5,3,4,4,3,4,4,4,4,4,2,1,2,3,1,1,4,1,4,20,Pharmacology and Toxicology,3,,0,0,0,"I am gender nonconforming,I am genderqueer or genderfluid","5,6",7,
T51,trad,56,B-,4,4,5,2,2,5,3,5,3,2,2,1,1,2,3,3,2,2,2,1,2,4,4,2,3,1,1,2,3,2,2,4,2,1,2,2,3,2,1,1,3,3,1,4,4,5,4,4,4,4,4,4,3,3,2,1,3,4,1,1,3,2,2,19,Forensic science ,2,,0,0,0,I am a woman,9,7,
T52,trad,60,C+,3,5,3,2,3,5,3,3,4,3,5,5,1,1,1,4,3,5,3,2,3,3,5,5,5,5,5,5,5,5,5,5,5,1,4,4,2,1,1,1,1,5,5,5,5,3,4,5,3,4,4,4,4,5,1,1,4,4,2,2,4,4,4,18,chemical engineering,1,,0,0,1,I am a man,2,2,
T53,trad,52,A-,6,2,3,5,4,2,5,3,4,3,5,2,1,4,4,4,3,5,4,1,4,5,4,4,4,2,1,4,5,4,4,4,4,1,4,4,4,2,2,3,1,4,5,5,4,2,2,3,2,2,3,2,2,3,5,3,2,3,3,4,3,3,5,19,pharmacology and toxicology ,2,,0,0,0,I am a woman,9,7,
T54,trad,76,A-,5,3,3,5,2,3,3,5,3,3,5,3,1,3,2,4,3,5,2,1,3,3,4,3,3,3,1,3,2,4,3,5,3,1,3,2,2,3,2,2,2,4,4,5,5,4,4,5,4,4,4,4,4,4,2,1,2,3,1,1,4,4,3,19,Biology,2,,0,0,0,I am a man,2,7,
T55,trad,80,A,6,4,3,2,1,2,3,5,3,4,4,2,1,3,4,4,3,4,3,1,3,4,4,2,3,3,1,3,2,4,3,4,3,1,3,3,2,1,1,1,1,4,5,4,2,3,4,5,4,3,3,4,4,3,4,2,3,3,1,2,4,3,3,19,Chemistry,2,,0,0,0,I am a man,2,7,
T56,trad,86,A,5,5,5,4,4,6,4,4,2,3,4,2,1,4,4,4,3,4,3,1,3,4,4,4,4,4,1,4,4,4,4,4,4,1,4,4,3,1,1,2,3,5,5,5,4,3,2,4,3,3,3,2,4,2,3,2,2,2,3,2,3,3,4,19,Biochemistry,2,,0,0,0,I am a woman,9,1,
T57,trad,60,B,6,3,4,5,4,2,4,6,4,4,3,1,1,3,2,3,2,4,3,4,4,2,4,3,1,2,1,2,1,2,3,4,2,1,2,3,5,1,2,4,2,3,4,4,3,3,2,4,2,2,2,3,2,3,5,5,2,2,4,4,3,2,1,20,Plant Science,3,,0,1,0,I am a man,2,7,
T58,trad,72,A,5,4,3,3,2,2,4,5,4,4,5,3,1,5,5,5,4,5,3,1,4,4,5,4,5,3,1,4,5,5,4,5,4,2,3,5,4,2,1,2,2,2,5,5,4,3,3,4,3,4,3,3,4,3,4,2,3,3,2,1,4,2,1,19,Chemical Engineering,2,,0,0,0,I am a woman,9,7,
T60,trad,62,A,4,2,2,2,1,3,2,2,3,4,5,4,2,5,5,3,4,5,3,2,5,5,3,4,5,3,2,5,5,4,5,5,4,2,5,5,5,1,1,1,2,4,3,4,4,4,4,4,3,4,4,3,4,4,5,2,4,3,2,1,5,3,5,21,Forensic Science,2,,0,1,0,I am a woman,9,2,
T61,trad,70,A,3,5,5,3,3,3,3,4,5,3,4,2,1,4,5,5,4,5,3,1,3,4,5,4,5,2,1,3,3,5,4,5,3,1,3,4,3,2,2,1,1,4,5,4,2,4,5,5,4,4,4,5,4,4,3,2,3,4,2,3,4,2,4,19,Immunology and Infectious Disease,2,,0,0,0,I am a man,2,7,
T63,trad,76,A-,7,1,2,6,4,1,6,4,2,2,4,1,1,2,5,4,2,5,2,1,2,2,4,2,2,1,1,2,2,4,2,4,2,1,2,4,4,1,1,2,2,2,4,4,2,3,1,5,2,3,3,2,2,2,5,3,1,3,2,4,4,3,2,19,science - biological sciences and health professions option,2,,0,0,0,I am a woman,9,7,
T64,trad,72,A-,3,3,3,2,2,2,2,5,1,4,4,3,1,2,2,3,3,3,3,2,2,2,2,2,2,2,2,3,2,2,4,4,3,2,3,2,2,1,1,2,2,4,4,5,2,4,4,5,4,4,4,5,4,4,2,1,2,3,2,2,4,2,3,19,Chemistry and Business,2,,0,0,0,I am a man,2,7,
T65,trad,70,A-,,,,5,5,3,6,4,5,2,5,1,2,3,4,5,1,5,2,3,3,5,4,2,3,1,2,3,4,4,3,5,2,2,3,4,4,3,2,2,2,4,2,2,4,3,4,4,3,3,3,3,4,2,4,3,2,2,2,3,2,3,2,19,biology,2,,0,0,0,I am a woman,9,7,
T66,trad,52,C,6,6,6,3,5,2,3,5,4,2,4,3,2,3,5,4,2,5,3,2,2,4,4,2,2,3,1,2,3,4,3,4,3,3,3,4,4,2,1,2,2,2,5,5,4,3,2,4,2,4,4,4,5,3,4,2,1,2,3,1,3,5,4,20,Psych (Neuroscience),3,,0,1,0,I am a man,2,"3,7",
T67,trad,96,A,3,2,6,1,1,3,2,4,3,4,5,5,1,4,3,4,5,5,4,1,5,5,5,5,5,5,1,4,4,5,5,5,5,1,3,4,1,1,1,1,1,5,5,5,5,5,5,5,5,5,5,5,5,5,1,1,5,5,1,1,5,1,5,19,Chemistry,2,,0,1,0,I am a man,2,1,
T68,trad,62,A-,6,2,2,3,1,1,3,6,5,4,5,2,1,5,5,5,4,5,1,1,4,5,4,3,3,3,1,5,5,5,4,5,4,1,4,5,4,2,2,2,4,4,5,5,4,3,2,4,2,2,3,1,2,4,2,1,4,4,1,1,5,2,5,19,BMB,2,,0,0,0,I am a woman,9,7,
T70,trad,82,A,6,3,3,5,2,2,3,6,5,5,3,2,2,5,5,5,3,5,1,1,3,5,5,3,2,3,1,2,3,5,2,3,2,1,3,3,3,1,2,1,3,5,5,5,5,4,3,5,3,4,5,5,5,4,5,2,3,5,2,3,4,3,3,19,Biology,2,,0,0,1,I am a man,2,7,
T71,trad,48,C,5,3,3,5,3,2,5,3,4,4,5,3,2,4,4,5,3,5,4,2,4,4,4,4,4,4,1,4,4,4,4,5,4,2,4,4,4,2,1,1,2,4,4,5,5,4,3,4,4,3,4,4,3,3,3,2,3,3,2,2,4,3,3,20,Chemical Engineer,2,,0,0,1,I am a man,2,7,
T72,trad,66,A,6,3,5,3,3,3,3,2,1,4,5,3,1,5,5,2,5,4,4,1,4,5,2,3,5,1,1,5,5,1,5,5,4,1,5,4,1,3,2,3,3,4,5,5,4,3,2,5,3,3,3,4,5,4,2,1,4,4,2,1,4,2,3,19,BME,3,,0,1,0,I am a woman,9,7,
T73,trad,52,C,7,2,3,6,5,1,7,5,2,3,5,3,2,4,4,2,2,4,1,4,3,4,4,1,4,1,1,4,4,3,5,5,2,1,3,4,3,1,1,2,2,4,5,4,1,3,2,2,2,2,2,2,2,1,5,5,1,2,2,2,3,2,3,20,BSHP,3,,0,0,0,I am a woman,9,7,
T74,trad,66,A,5,2,2,5,3,3,5,3,3,2,5,1,1,2,3,5,2,5,1,1,2,2,5,2,4,3,1,3,3,5,5,5,3,1,2,3,4,2,2,2,3,4,4,4,3,3,2,3,2,3,3,3,4,3,4,3,2,3,3,2,4,3,2,19,Biomedical Engineering,2,,0,0,0,I am a woman,9,7,
T75,trad,50,B-,6,3,6,6,7,1,3,3,4,4,5,2,1,4,5,5,3,5,5,1,4,4,5,5,4,4,3,3,4,4,4,4,3,4,3,4,4,3,3,3,4,3,3,3,5,3,3,2,2,4,3,2,4,5,4,5,4,4,4,5,3,4,4,19,forensic chemistry ,2,,0,0,0,I am a man,2,7,
T76,trad,52,B+,6,2,1,5,2,1,3,3,3,4,5,3,2,5,5,5,4,5,4,3,4,5,5,4,5,4,1,5,5,5,5,5,4,1,4,5,4,2,1,2,1,4,4,5,4,3,3,4,3,2,3,3,3,3,4,2,4,3,2,3,4,3,4,19,Biochemistry and molecular biology ,2,,0,0,0,I am a woman,9,7,
T77,trad,44,C,7,1,1,5,5,1,5,1,1,2,4,1,1,2,4,1,2,5,2,1,2,4,1,2,4,1,1,2,2,1,4,4,2,1,3,4,4,4,4,4,1,5,5,5,5,3,1,3,1,3,3,1,3,1,5,3,1,1,4,5,3,5,1,20,Biology,3,,0,0,0,I am a woman,9,7,
T78,trad,80,A,5,2,3,5,2,2,5,3,3,4,5,2,1,4,5,3,3,4,2,1,3,5,4,3,3,1,1,3,5,3,3,4,4,1,3,4,1,2,1,2,2,4,5,4,3,3,3,4,3,3,4,2,4,3,4,2,2,3,2,2,4,2,3,19,Biology,2,,0,0,0,I am a woman,9,7,
T80,trad,52,A-,6,1,4,5,1,1,2,4,3,4,5,2,1,4,5,4,4,4,5,1,5,3,5,4,4,4,1,3,3,4,5,5,5,1,4,4,5,2,1,1,1,3,5,4,2,2,2,4,3,1,4,1,2,3,5,1,5,4,1,1,5,2,2,18,chemical engineering,2,,0,0,0,I am a woman,9,"2,7",
T81,trad,82,B-,6,3,3,3,3,1,3,5,4,3,5,3,2,3,3,4,2,5,2,5,3,5,5,3,4,3,2,3,4,5,4,5,2,5,3,4,2,4,3,4,3,2,4,5,2,2,2,2,2,3,3,2,4,4,5,3,3,3,4,4,3,2,1,22,pharm/tox,3,,0,2,1,I am a woman,9,7,
T83,trad,62,A-,6,3,3,3,2,1,2,5,3,5,4,4,1,4,4,2,3,4,4,2,4,4,2,5,4,4,1,5,3,3,4,4,4,1,5,4,2,2,1,2,2,5,5,4,4,3,2,4,3,2,3,4,3,3,4,1,4,3,1,1,5,2,4,19,Chemistry ,2,,0,0,0,I am a woman,9,9,
T84,trad,54,A-,3,3,4,4,2,4,3,6,4,4,4,3,1,2,4,4,4,5,3,1,4,4,5,4,5,3,1,3,4,5,5,5,5,2,3,4,3,2,1,1,1,5,5,5,5,3,3,3,3,3,3,3,3,4,2,2,4,4,4,1,3,3,3,19,biomedical engineering/premed track,2,,0,0,0,I am a woman,9,7,
T85,trad,56,B+,4,5,5,4,2,3,3,3,1,2,5,1,1,4,3,3,3,4,1,1,3,3,2,3,4,3,1,3,1,2,4,4,2,1,2,1,1,1,1,1,1,4,4,5,3,5,5,5,5,5,5,5,5,4,1,1,2,4,1,1,4,2,4,19,Biochemistry and Molecular Biology ,2,,0,0,0,I am a man,2,7,
T86,trad,54,C+,7,1,1,7,7,1,7,1,3,3,4,3,5,3,3,4,3,4,3,5,3,3,4,3,3,2,5,3,3,3,3,3,3,5,3,4,5,4,3,4,4,4,5,5,5,3,3,4,4,3,4,4,4,3,5,5,1,3,5,5,2,5,1,20,Biology,3,,0,0,0,I am a woman,9,1,
T87,trad,70,A,5,5,5,4,1,3,3,5,3,5,4,4,1,5,5,3,5,5,3,1,5,5,5,5,3,3,1,5,5,3,4,4,4,1,4,4,2,1,1,2,1,4,5,4,2,4,4,5,4,4,4,4,5,4,4,1,4,4,2,1,5,1,5,19,BMB,2,,0,0,0,I am a woman,9,7,
T88,trad,44,C,6,5,6,6,3,7,3,5,4,4,4,3,4,3,4,4,4,4,3,4,4,4,3,3,4,3,4,3,4,3,2,4,3,3,4,4,4,3,4,3,2,3,3,4,4,3,2,3,3,3,3,4,4,3,3,3,3,3,3,3,3,3,4,21,Kines,4,,0,0,0,I am a woman,9,1,
T89,trad,62,A,4,4,5,3,1,4,1,7,2,5,5,5,1,5,5,3,5,4,5,1,5,5,4,5,5,5,1,5,5,3,5,5,5,1,5,5,1,1,1,1,1,5,3,4,3,4,3,4,4,4,4,5,5,4,2,1,4,4,1,1,5,1,5,20,Biomedical engineering ,3,,0,1,0,I am a woman,9,7,
T90,trad,36,C,5,3,4,4,3,5,3,7,4,5,5,4,1,4,5,5,4,5,4,1,4,4,4,4,4,4,1,4,4,4,5,5,5,1,4,4,5,1,1,1,3,5,5,5,5,4,4,4,3,4,4,4,4,4,2,1,3,4,1,1,4,1,4,18,Biochemistry & Molecular Biology,1,,0,0,0,I am a woman,9,1,
T91,trad,72,A,4,5,3,3,2,3,3,5,3,4,5,4,1,4,4,4,4,4,4,2,4,4,4,4,4,4,1,4,3,3,4,4,4,2,4,4,2,1,1,1,1,4,2,4,4,4,3,4,4,3,4,4,4,4,3,2,4,4,2,2,4,3,4,19,Chemical engineering ,2,,0,0,0,I am a man,2,2,
T92,trad,50,C,5,3,4,3,2,3,3,3,4,5,3,3,1,5,5,3,4,4,4,1,5,3,3,5,3,4,1,3,2,3,4,3,5,1,5,3,3,2,1,1,1,4,4,5,3,4,3,4,3,3,3,3,3,4,2,2,3,3,2,1,5,3,3,20,Biology ,3,,0,0,0,My gender or gender identity is best described as:,,7,
T93,trad,54,B-,5,5,5,6,2,2,3,5,3,5,5,2,1,5,5,3,4,5,3,1,5,5,3,2,4,1,1,4,5,4,4,4,4,1,4,4,2,1,1,1,1,4,5,4,4,4,2,4,3,4,4,4,4,4,4,1,1,3,1,1,4,4,1,19,Forensic Science,2,,0,1,0,I am gender nonconforming,5,7,
T94,trad,78,A-,5,3,5,2,2,1,2,6,3,2,4,1,1,4,5,3,4,4,3,1,4,5,3,4,4,2,1,4,2,3,4,4,4,1,4,5,2,1,1,1,1,3,5,5,4,3,3,5,2,3,4,4,4,4,2,1,3,4,1,1,5,2,2,19,Biochemistry and Molecular Biology,2,,0,0,0,I am a man,2,4,
T95,trad,52,C,6,2,2,5,3,3,5,5,3,3,4,4,2,4,3,3,2,3,2,1,3,3,2,2,1,1,1,3,2,1,1,2,2,1,1,2,4,4,4,4,2,3,4,3,4,3,2,4,3,2,4,2,3,3,4,3,2,2,3,3,3,4,3,19,Animal Science,2,,0,1,1,I am a woman,9,7,
T96,trad,68,B+,5,3,4,4,2,3,3,3,1,4,4,3,1,4,3,3,4,4,4,1,4,4,2,4,4,3,1,4,4,2,4,4,4,1,4,4,3,1,1,2,2,4,5,5,4,3,3,4,3,3,3,3,3,3,3,2,3,3,2,1,4,2,3,19,Biochemistry ,2,,0,0,0,I am a woman,9,"2,7",
T97,trad,38,C,5,2,3,3,4,2,5,2,3,4,4,3,3,4,4,4,3,4,3,3,4,5,4,4,4,2,1,4,5,4,4,4,4,2,4,4,4,2,2,4,2,3,5,4,3,2,2,4,1,2,3,2,2,3,4,2,3,2,2,1,3,3,2,18,Biochemistry ,1,,0,0,0,I am a woman,9,7,
T98,trad,52,B+,6,3,3,5,2,2,3,3,3,4,5,4,1,3,4,4,4,5,2,2,3,3,5,4,4,2,1,3,4,4,4,5,3,1,3,3,2,1,1,1,1,2,1,5,2,3,2,4,3,3,4,4,4,3,3,2,2,3,1,2,3,2,3,19,integrative science ,2,,0,0,0,I am a woman,9,7,
T99,trad,80,A,4,2,3,2,1,2,2,2,1,4,3,3,1,5,5,3,4,3,4,1,5,4,3,4,2,2,1,4,4,3,4,3,4,1,4,4,1,1,1,1,1,5,4,5,5,4,3,5,4,4,4,4,4,1,2,1,3,4,1,1,5,2,3,18,Chemistry,1,,0,0,0,"I am a man,I am transgender","2,8",7,
T1,trad,68,A,6,2,3,6,3,1,4,4,1,1,5,1,1,1,3,1,1,5,1,1,1,4,1,2,2,1,1,1,2,1,2,5,1,1,1,2,5,1,1,4,2,2,5,5,4,2,3,5,1,3,2,2,3,3,5,2,1,2,4,4,5,5,3,18,chemistry,2,,0,1,0,I am a woman,9,7,
T2,trad,82,A,3,3,5,2,2,4,3,7,3,4,5,2,1,4,5,2,3,5,2,1,4,4,3,3,2,3,1,4,4,3,5,5,4,1,3,4,3,1,1,1,2,2,4,5,4,4,4,5,4,4,5,5,5,5,2,1,4,4,1,1,5,2,4,19,molecular biology,2,,0,0,0,I am a woman,9,7,
T3,trad,76,A-,3,5,5,2,2,3,3,6,1,4,4,2,1,4,3,2,3,5,3,1,4,4,3,3,3,3,1,3,2,2,5,5,4,1,3,3,3,3,2,2,3,4,4,3,4,4,3,4,2,3,4,3,4,4,2,1,3,4,1,1,3,2,2,19,Molecular Biology,2,,0,1,0,I am a woman,9,7,
T4,trad,82,A,3,3,6,3,2,3,5,3,2,3,4,4,1,4,4,4,4,5,2,2,4,4,4,4,4,3,1,4,3,4,4,4,4,1,4,4,2,3,3,4,3,3,3,3,4,4,4,5,4,4,4,4,4,4,2,1,3,4,1,2,4,2,2,19,Chemical engineering,2,,0,1,1,I am a woman,9,7,
T5,trad,60,B-,5,3,3,5,4,3,5,4,4,4,5,3,2,3,4,5,4,5,4,3,4,4,5,3,4,3,2,4,5,5,4,3,4,3,3,5,4,3,3,3,3,3,4,4,4,3,2,3,2,2,2,3,2,3,3,3,4,2,3,4,3,3,3,19,pre-med,2,,0,0,0,I am a man,2,7,
T6,trad,56,C+,2,4,5,2,2,4,2,5,4,4,5,5,1,4,4,4,4,4,5,1,5,4,4,4,3,3,1,3,1,3,4,4,4,1,4,3,1,1,1,1,1,3,4,4,4,5,5,5,5,5,5,5,5,5,1,1,5,5,1,1,5,1,5,19,Chemical Engineering,2,,0,0,0,I am a woman,9,7,
T7,trad,54,B,2,1,5,1,1,3,4,4,2,1,5,1,1,3,5,4,3,5,1,1,4,5,5,4,5,2,1,3,5,5,5,5,4,1,2,5,2,1,1,1,1,4,5,5,4,4,4,5,4,4,5,5,5,4,1,1,2,3,1,2,4,3,1,20,Chemical Engineering,2,,0,0,0,I am a man,2,7,
T8,trad,62,B,5,3,7,2,1,1,2,3,3,4,5,4,1,4,4,5,4,5,4,1,4,4,3,4,5,3,1,4,4,3,5,5,4,1,4,4,2,1,1,1,1,5,5,5,5,4,4,5,4,4,5,4,4,4,4,1,4,4,2,1,5,2,4,19,Immunology and infectious disease,2,,0,1,0,I am a woman,9,7,
T9,trad,44,C+,7,1,2,5,4,1,4,3,3,4,5,2,1,3,4,4,3,5,2,1,2,3,3,3,5,1,1,3,2,3,4,5,2,1,4,3,5,3,2,2,1,2,4,4,4,2,1,3,1,3,2,1,2,2,4,3,1,2,2,2,4,3,2,19,Forensic Science,2,,0,0,0,I am a woman,9,"1,7",
T10,trad,,F,5,3,3,4,2,2,3,3,3,4,4,3,1,3,5,4,4,4,4,1,4,5,4,4,4,2,1,4,4,3,4,4,4,1,4,4,3,3,2,4,2,4,5,5,4,3,3,3,3,3,3,3,3,2,4,2,3,2,3,2,4,3,2,23,forensic biology,5,,0,1,0,I am a woman,9,2,
T11,trad,46,C+,7,1,1,7,7,1,7,1,5,3,5,3,3,1,4,5,2,5,3,4,2,4,5,1,5,1,3,2,4,5,5,5,2,2,1,3,5,3,2,5,4,2,4,4,3,4,2,1,1,1,1,1,1,1,5,4,1,2,5,5,2,5,1,19,Biology,2,,0,0,0,I am a woman,9,2,
T12,trad,74,A,5,2,4,5,3,2,4,4,5,3,4,2,1,4,4,4,3,4,3,1,4,4,4,4,4,3,1,3,4,4,3,4,3,1,3,4,2,3,3,3,4,2,4,4,3,3,3,4,3,3,4,3,3,4,3,1,3,4,1,2,4,2,2,19,Pharmacology and Toxicology,2,,0,0,0,I am a woman,9,7,
T13,trad,76,A,3,4,4,3,2,4,3,4,1,4,4,4,1,4,3,1,4,4,5,1,4,1,1,4,3,4,1,4,1,1,4,3,4,1,5,1,3,3,3,3,3,1,4,4,5,5,5,5,5,5,5,5,5,4,4,1,4,4,1,1,1,1,2,19,Pre-Medicine,2,,0,0,0,I prefer not to disclose my gender or gender identity,10,9,
T14,trad,100,A,3,3,5,3,2,6,2,6,4,4,5,4,1,4,5,4,4,4,4,1,4,4,4,4,4,4,1,4,4,4,4,4,4,1,4,4,1,1,1,1,1,3,4,4,3,5,5,5,5,5,5,5,5,5,1,1,4,4,1,1,1,1,4,19,Biochemistry,2,,0,0,0,I am a man,2,7,
T15,trad,34,C,7,1,1,7,7,1,7,3,5,1,4,1,1,1,1,5,1,5,1,1,1,1,5,1,1,1,1,1,1,5,3,3,1,1,1,1,5,3,2,4,2,1,5,1,1,1,1,1,1,1,1,1,1,1,5,3,1,1,5,5,3,5,1,20,immunology and infectious disease ,3,,0,0,1,I am a woman,9,1,
T16,trad,82,A,2,3,5,2,1,3,3,5,3,4,5,1,1,3,3,4,3,4,2,1,3,4,4,3,4,3,1,3,3,4,4,4,4,1,3,3,1,1,1,1,1,1,1,1,1,4,4,4,4,4,4,4,4,4,3,2,4,2,2,2,4,3,3,19,Chemistry,2,,0,1,0,I am a woman,9,7,
T17,trad,56,A,5,2,3,5,3,3,5,3,3,2,4,3,3,3,3,4,3,3,4,3,4,3,5,3,3,4,3,3,3,5,4,3,3,1,3,3,3,3,3,3,2,2,3,4,3,3,2,3,3,3,3,2,2,2,4,1,3,2,3,3,3,3,3,18,BMB,2,,0,0,0,I am a woman,9,7,
T18,trad,34,D,5,3,3,4,4,3,4,4,1,2,4,1,1,3,2,3,1,5,1,1,1,2,4,1,1,1,1,2,2,4,1,5,1,1,1,2,3,1,1,3,3,3,3,5,5,3,2,4,2,3,4,3,3,3,5,3,2,2,2,3,3,3,3,20,animal science,3,,0,0,1,I am a woman,9,7,
T19,trad,62,B,3,3,5,3,3,3,4,5,4,3,5,3,1,3,4,5,3,5,5,1,2,3,5,3,5,3,1,2,3,5,3,5,2,1,3,3,1,1,1,1,1,4,4,4,4,3,3,4,4,3,4,4,4,3,4,1,3,4,2,3,4,2,1,19,Pharmacology/Toxicology,3,,0,0,0,I am a woman,9,2,
T20,trad,,F,5,3,6,5,5,7,3,3,3,5,5,1,1,3,5,4,3,5,2,1,5,5,4,4,4,4,2,5,5,5,5,5,3,1,2,5,2,1,1,1,1,4,5,5,5,5,4,5,5,5,5,5,5,3,5,5,2,3,3,4,5,4,2,22,Neuroscience,4,,0,0,1,I am a woman,9,1,
T21,trad,80,A,7,1,2,6,3,1,4,3,1,5,4,2,2,5,5,3,2,3,2,1,4,4,3,4,4,5,1,4,5,2,3,4,3,2,3,4,5,3,4,4,2,3,5,3,3,2,2,3,3,2,3,3,4,2,5,4,2,2,3,2,4,5,3,19,Biology,2,,0,0,0,I am genderqueer or genderfluid,6,7,
T22,trad,78,B+,5,5,4,5,6,5,4,3,5,5,4,2,1,3,1,5,5,5,3,1,2,4,5,4,5,4,1,2,1,5,4,5,2,1,4,1,2,2,1,1,2,5,5,5,5,3,4,5,4,4,4,3,4,5,4,1,2,3,2,1,4,2,1,21,Biology,3,,0,1,0,I am a woman,9,7,
T23,trad,68,B,6,2,5,2,1,2,5,7,1,4,5,4,1,3,4,3,4,2,2,1,3,3,4,3,3,3,1,4,3,4,4,4,3,1,3,4,1,1,1,1,1,4,5,5,5,4,3,5,4,4,5,4,5,4,3,1,4,3,1,1,5,1,2,19,Chemical Engineering,2,,0,0,0,I am a man,2,4,
T24,trad,58,C+,6,2,3,5,3,2,5,2,4,3,2,1,1,2,4,4,2,4,2,2,3,4,4,2,2,2,1,4,2,4,2,2,2,1,4,4,4,1,1,2,1,2,5,5,4,3,3,4,4,3,3,4,3,3,2,2,2,3,1,3,4,4,2,19,Biology,2,,0,1,0,I am a woman,9,"1,4",
T25,trad,,,2,2,6,5,1,2,2,6,2,2,4,2,1,3,5,2,2,3,3,1,2,4,2,2,3,3,1,3,4,2,3,4,3,1,3,4,1,1,1,1,1,5,5,5,4,4,4,4,4,4,4,4,4,4,2,2,4,4,1,1,4,1,3,20,CHE,3,,0,0,0,I am a man,2,7,
T26,trad,40,C+,6,5,4,3,5,6,3,3,4,4,4,3,4,3,4,5,4,5,4,1,4,4,4,4,4,4,1,4,4,4,5,5,4,1,4,4,2,1,1,1,1,5,4,4,4,5,4,4,4,4,5,4,4,4,3,1,3,3,3,4,4,3,4,22,Science BS,4,,0,0,0,I am a woman,9,"4,7",
T27,trad,66,A,5,3,4,5,2,3,4,5,1,3,4,3,1,4,4,3,3,4,3,1,3,3,4,3,3,3,1,3,3,3,4,4,4,1,3,4,4,1,1,2,2,4,4,4,3,4,4,5,4,5,4,4,5,3,2,3,1,2,2,3,3,3,2,20,Biomedical Engineering ,3,,0,1,1,I am a woman,9,7,
T28,trad,76,A,5,3,4,4,3,3,2,7,3,4,5,3,1,4,4,3,4,5,3,1,4,4,4,4,4,3,1,4,3,4,4,4,4,1,3,3,3,2,3,2,2,4,4,3,3,3,3,4,3,2,2,2,3,3,3,3,2,2,2,1,3,3,3,19,Microbiology ,2,,0,1,0,I am a woman,9,7,
T29,trad,42,C,5,5,4,5,4,3,5,4,4,3,4,1,1,1,3,4,1,4,3,1,2,3,5,2,5,1,3,2,3,5,5,5,2,1,1,4,4,1,1,1,1,1,5,4,3,3,2,4,2,3,3,3,2,2,5,4,1,2,3,4,2,3,2,20,Forensic Science,3,,0,1,0,I am a woman,9,4,
T30,trad,78,A,4,3,,3,2,3,3,,2,4,5,3,1,4,3,4,3,5,3,1,3,4,3,3,3,4,1,3,2,3,4,5,3,1,3,2,2,2,2,2,1,2,3,4,4,4,4,5,4,4,4,5,5,5,3,1,4,4,1,1,5,2,3,20,Materials Science and Engineering,3,,0,0,0,I am a woman,9,7,
T31,trad,42,B-,7,1,1,6,6,1,6,2,5,4,3,1,2,3,4,3,2,4,1,3,4,5,5,2,1,1,3,4,4,4,3,3,2,3,2,4,5,1,1,1,1,2,5,5,5,2,1,5,1,2,3,2,3,1,5,3,1,1,4,5,3,4,3,19,Pre-med,2,,0,1,0,I am a woman,9,7,
T100,trad,80,A,5,3,2,5,4,2,6,7,1,2,5,1,1,3,4,3,2,5,2,1,2,4,4,2,5,2,1,2,4,3,2,5,2,1,2,4,1,2,1,1,1,4,5,5,5,4,3,5,4,4,4,4,4,4,2,1,4,4,1,1,3,2,4,18,HPA,2,,0,0,0,I am a woman,9,2,
T101,trad,80,A,3,3,4,3,1,2,3,6,5,4,5,4,1,3,3,5,4,5,3,1,4,4,5,4,5,5,1,4,4,5,5,5,4,1,4,4,2,1,1,2,3,4,4,5,3,4,3,4,3,3,4,4,3,4,2,1,3,4,1,1,4,1,3,19,Chemistry,2,,0,1,0,I am a woman,9,7,
T102,trad,68,A,4,3,6,4,5,3,3,6,2,5,5,2,1,3,4,2,3,5,3,1,5,5,2,4,5,3,1,4,2,1,3,5,3,1,5,5,1,1,1,1,1,5,4,5,5,3,4,5,4,3,4,4,4,4,2,1,3,4,1,1,5,1,2,19,Biochemistry and Molecular Biology,2,,0,2,0,I am a woman,9,7,
T103,trad,72,A,3,3,5,3,2,2,4,3,5,4,5,2,1,3,4,5,3,5,2,1,3,4,5,3,4,2,1,4,5,5,3,5,3,1,3,5,2,2,1,4,2,2,5,5,3,4,4,4,4,3,4,3,4,4,2,1,3,3,1,3,4,1,4,20,Chemical Engineering,2,,0,1,0,I am a man,2,7,
T104,trad,82,A,5,2,4,3,1,2,3,4,4,3,4,4,1,4,4,4,3,5,3,1,4,4,4,3,4,3,1,4,4,4,4,4,4,1,4,4,2,1,1,2,1,4,5,4,4,4,3,5,3,4,5,4,4,4,4,2,3,3,2,2,5,3,4,19,Forensic Science,2,,0,1,0,I am a woman,9,7,
T105,trad,60,B+,7,1,3,6,2,1,5,2,4,1,1,1,1,1,1,5,1,5,1,1,1,1,4,1,1,1,1,1,1,3,1,1,1,1,1,1,3,1,1,1,1,4,5,5,5,4,3,5,5,4,4,4,4,2,1,3,1,1,4,5,2,1,1,20,Kinesiology ,3,,0,0,0,I am a man,2,7,
T107,trad,68,A,2,5,6,1,1,5,2,4,2,4,3,2,1,5,3,2,4,4,2,1,4,3,4,4,2,5,1,4,3,4,5,3,3,1,4,4,2,1,1,1,2,3,4,5,4,5,5,5,5,5,5,5,5,5,1,1,4,4,1,2,4,1,2,19,chemistry,2,,0,0,0,I am a man,2,7,
T108,trad,70,A,5,3,3,4,3,3,4,4,4,4,4,3,1,4,4,4,3,4,3,2,4,4,4,4,4,3,1,4,4,4,3,4,4,1,4,4,3,1,1,1,1,3,5,5,3,4,4,3,3,4,4,4,4,4,2,2,3,2,2,3,3,3,4,19,Biochemistry and Molecular Biology,2,,0,0,0,I am a man,2,7,White
T109,trad,74,A,2,5,5,3,2,4,3,6,4,4,4,4,1,4,4,4,4,5,4,1,4,4,5,4,5,4,1,4,4,5,5,5,4,1,4,4,1,1,1,1,1,4,5,5,4,4,4,5,4,4,4,4,4,5,2,1,4,5,1,1,4,1,4,19,Chemical Engineering ,2,,0,0,0,I am a woman,9,7,
T110,trad,46,C,5,3,3,7,1,2,2,4,2,4,1,1,1,5,5,2,4,5,5,1,5,5,4,4,4,2,1,3,5,3,3,2,2,1,2,5,5,4,1,2,1,2,5,5,3,3,2,2,2,4,4,3,3,2,5,5,1,2,2,1,3,2,3,20,veterinary and Biomedical Sciences,3,,0,1,0,I am a woman,9,7,
T111,trad,78,A,3,3,4,3,2,3,3,5,3,4,4,3,1,4,4,3,4,4,4,2,4,4,3,4,4,4,1,4,1,1,4,4,4,2,4,3,1,1,1,1,3,4,2,5,5,4,5,5,3,5,5,5,5,5,4,1,4,3,2,2,5,3,5,19,Mechanical Engineering,2,,0,0,0,I am a man,2,7,
T112,trad,56,B+,4,5,3,5,6,6,5,2,5,4,5,2,1,4,3,5,4,5,2,2,4,4,5,3,4,3,1,2,3,5,3,4,2,1,2,2,4,3,2,2,2,4,5,5,5,2,3,4,3,2,2,4,4,4,2,2,4,4,2,2,4,2,4,19,Chemical Engineering,2,,0,1,0,I am a woman,9,7,
T113,trad,38,C,6,6,6,4,3,2,4,4,4,3,5,2,1,3,4,3,3,5,4,1,3,3,4,3,4,2,1,3,4,4,4,4,4,1,3,4,5,4,4,4,2,4,5,4,2,3,1,4,1,2,3,2,4,3,4,2,1,2,2,1,5,2,3,19,Pre-med,2,,0,1,0,I am a woman,9,7,
T114,trad,84,A,5,3,3,5,2,2,2,6,2,4,4,2,1,2,2,4,4,4,2,1,4,4,4,4,4,4,1,4,4,4,4,5,4,1,4,4,2,1,1,2,1,5,5,5,4,4,4,5,4,4,4,4,4,4,3,1,3,3,2,2,4,2,3,19,Biology,2,,0,0,0,I am a woman,9,7,
T115,trad,52,C+,6,2,2,4,6,2,6,3,4,2,3,1,2,1,3,4,1,4,1,2,1,4,4,1,2,2,3,1,3,4,2,4,1,2,2,3,4,3,2,4,3,2,5,5,4,2,3,3,2,2,2,2,2,2,5,5,1,2,5,5,3,5,1,19,animal science,2,,0,0,0,I am a woman,9,"5,7",
T116,trad,80,A-,3,5,6,7,5,5,6,5,2,4,5,3,1,3,3,4,4,4,4,1,3,3,4,4,4,4,1,3,3,4,4,4,4,1,4,4,2,2,2,2,2,4,3,4,4,4,4,4,4,4,4,4,4,4,3,2,5,5,2,2,3,2,4,18,Chemical Engineering,2,,1,0,0,I am a woman,9,2,
T117,trad,66,A-,5,2,3,4,2,2,4,4,2,4,5,2,1,4,4,4,4,4,1,1,2,3,3,3,4,1,1,2,3,3,5,5,3,1,4,2,2,1,1,1,2,3,5,5,4,4,4,4,4,4,4,4,4,3,4,3,1,3,3,2,3,5,1,20,Psychology,3,,0,0,0,I am a woman,9,4,
T118,trad,84,A,3,3,5,5,2,3,3,5,3,4,4,4,1,3,4,3,4,4,2,1,4,4,4,4,3,3,2,3,3,4,3,4,4,2,3,4,2,1,1,1,2,3,5,4,3,5,5,5,5,5,5,5,5,4,2,1,4,4,2,2,3,2,4,19,Biochemistry,2,,0,1,1,I am a man,2,9,
T119,trad,84,A,2,4,4,3,3,5,3,3,2,3,5,4,1,3,1,3,3,5,4,1,3,4,3,4,5,3,1,3,4,3,5,5,4,1,2,4,2,2,2,2,4,2,5,4,4,4,4,5,3,4,4,4,4,4,2,1,4,4,2,2,4,2,4,18,Chemical Engineering,1,,0,0,0,I am a man,2,7,
T120,trad,60,A-,6,6,6,5,2,2,5,3,3,3,4,1,4,2,5,4,2,4,2,4,2,4,4,4,4,2,3,2,4,3,2,4,2,3,2,3,4,1,1,3,1,3,5,5,5,2,2,5,2,2,2,2,2,2,5,5,2,2,4,1,4,4,1,19,biology,2,,0,0,0,I am a woman,9,7,
T121,trad,50,C,4,3,6,6,3,5,5,5,4,3,4,3,1,3,3,4,4,4,4,3,3,3,3,3,4,4,1,2,2,4,4,4,4,2,2,2,3,2,3,3,3,3,3,3,3,3,3,3,3,3,3,3,3,3,4,3,3,3,2,3,2,3,3,20,microbiology,3,,0,0,0,I am a woman,9,4,
T123,trad,76,A,4,3,3,5,2,3,4,3,3,3,4,2,1,2,3,3,3,4,2,1,2,1,3,3,4,3,1,2,2,3,4,4,3,1,1,1,1,1,1,1,1,2,4,4,3,4,3,5,4,4,5,4,4,3,2,1,2,2,2,1,2,1,3,19,Biomedical Engineering,2,,0,0,0,I am a woman,9,7,
T124,trad,82,A,5,5,5,4,6,5,4,3,1,3,5,1,1,3,2,4,3,5,1,1,2,2,3,3,1,1,1,2,2,1,3,4,3,1,2,1,2,1,1,1,1,5,1,3,3,5,3,5,3,3,5,4,4,3,1,1,2,3,1,1,4,2,3,20,Food Science,2,,0,0,1,I am a woman,9,7,
T125,trad,70,A-,,2,5,5,2,2,,5,1,2,5,1,1,3,2,4,2,5,2,2,4,4,1,1,1,1,2,3,2,3,2,1,2,3,2,3,3,3,2,2,3,3,4,3,1,2,2,2,4,4,3,4,3,4,5,1,3,2,,,1,4,2,20,bbh,3,,0,0,1,I am a woman,9,7,
T126,trad,92,A,5,3,3,5,2,3,2,3,4,3,4,2,1,3,3,5,3,4,3,1,3,3,4,3,4,4,1,4,2,4,4,4,3,1,4,3,2,1,1,1,1,5,5,5,5,4,4,4,3,3,4,3,4,4,4,1,4,4,1,1,5,1,3,19,Chemical Engineering ,2,,0,0,0,I am a man,2,7,
T127,trad,58,A,3,4,5,5,2,3,3,5,1,3,4,2,1,2,3,2,2,5,3,1,2,3,2,3,4,2,1,2,3,1,2,4,4,1,2,4,1,1,1,1,1,5,4,5,5,4,3,4,3,3,4,3,4,1,2,1,3,2,1,2,4,1,1,19,Biology,2,,0,1,1,I am a woman,9,7,
T128,trad,72,A,4,3,3,5,2,3,3,3,3,3,5,2,1,4,4,3,2,5,4,2,3,5,5,3,4,1,2,3,4,5,4,4,2,2,3,3,2,4,2,2,3,3,5,4,4,3,2,4,2,3,3,3,2,4,2,1,3,3,2,2,3,2,2,19,Biology ,2,,0,0,0,I am a woman,9,7,
T129,trad,38,D,6,2,2,5,3,1,5,5,4,2,2,1,2,4,4,5,2,5,3,1,2,4,4,2,3,1,2,3,4,4,3,2,1,1,2,3,5,2,1,3,2,2,5,4,4,2,3,3,3,2,3,3,3,3,4,3,1,1,2,2,4,3,1,21,BBH,4,,0,1,0,I am a woman,9,7,
T130,trad,74,C,6,3,3,5,3,2,5,5,2,3,4,1,1,2,2,2,2,2,1,2,2,2,2,1,2,2,1,2,2,2,2,3,2,1,2,2,3,2,2,4,2,3,4,4,3,3,2,3,2,3,3,3,3,2,5,4,2,2,3,2,3,3,2,21,Forensic Science,3,,0,1,1,I am a woman,9,2,
T131,trad,50,C,7,7,7,2,2,7,3,7,2,3,2,4,3,2,4,2,2,3,2,3,3,4,1,3,3,2,2,3,2,1,2,1,3,1,2,2,1,2,4,2,1,2,3,2,2,3,3,3,2,2,3,3,2,1,2,1,3,3,1,2,2,3,4,25,Pharmo and toxic,4,,0,0,1,I am a man,2,2,
T132,trad,70,B+,5,2,5,3,3,2,2,5,2,4,4,3,1,4,4,2,3,3,3,1,3,4,2,3,3,4,1,3,4,2,4,4,3,1,4,4,4,1,1,2,1,4,4,5,4,4,3,4,4,3,3,3,4,4,3,2,4,4,2,1,4,3,4,19,Chemical Engineering,2,,0,0,0,I am a woman,9,"2,7",
T133,trad,70,A,5,2,5,3,2,2,4,6,1,4,4,2,1,4,2,1,4,4,4,1,4,4,1,4,4,2,1,4,4,1,4,4,4,1,4,4,1,1,1,1,1,4,4,4,5,3,2,4,4,4,4,4,4,4,2,2,2,3,2,2,4,3,4,19,Forensic Science,2,,0,1,0,I am a man,2,7,
T134,trad,98,A,3,5,2,5,7,4,2,3,2,4,5,4,1,4,4,5,3,5,4,2,4,4,3,4,4,4,1,4,3,4,4,5,3,1,4,4,2,3,2,2,3,3,4,3,2,5,4,5,3,4,5,4,4,4,2,1,4,4,1,1,4,2,5,19,Chemistry,2,,0,0,0,I am a man,2,7,
T135,trad,80,A,5,2,3,6,2,1,2,4,2,4,4,3,1,3,5,1,3,4,2,1,2,2,3,3,3,4,1,4,5,1,5,4,4,1,3,5,2,1,2,2,2,2,5,5,3,3,4,5,4,4,5,4,4,4,4,4,3,3,1,1,3,3,3,19,Biology,2,,0,1,0,I am a woman,9,7,
T138,trad,64,B,6,1,2,6,2,2,6,4,3,2,3,1,1,2,4,5,3,5,2,3,2,3,3,2,2,1,3,3,4,4,3,3,2,1,2,3,3,4,2,2,1,4,5,5,4,3,2,3,2,2,3,2,2,3,5,4,2,2,3,2,3,2,1,19,Biology,2,,0,0,0,I am a woman,9,1,
T139,trad,80,A,3,3,3,3,1,2,3,5,3,5,4,5,2,4,4,3,5,4,4,2,4,4,3,5,4,4,2,4,4,3,4,4,4,2,4,4,2,1,1,1,1,4,4,4,4,3,4,5,3,4,3,4,3,4,2,1,3,4,1,1,4,1,4,19,Chemical Engineering,2,,0,1,0,I am a woman,9,7,
S32,specs,76,A,6,5,5,6,1,1,6,3,1,5,1,1,3,4,5,1,4,1,3,2,5,5,1,5,1,2,3,5,4,1,2,1,1,2,3,5,2,2,1,2,1,3,5,5,4,2,1,3,1,2,2,3,3,1,5,2,1,1,3,2,2,2,1,20,Biology,Third year,,Full-time student (enrolled in 12 or more credits),No,No,I am a man,,"Indigenous American or Alaska Native (e.g., Navajo Nation, Blackfeet Tribe, Inupiat Traditional Gov't., etc.),Latino/a/e/x or Hispanic American (e.g., Puerto Rican, Mexican, Cuban, Salvadoran, Colombian, etc.)",
S33,specs,82,A,5,1,4,6,2,1,3,2,1,5,5,5,1,5,5,4,4,5,3,1,5,5,3,4,4,3,1,5,5,2,5,5,5,1,5,5,1,1,1,1,1,5,5,5,5,5,5,5,5,5,5,5,5,4,2,1,4,4,1,1,5,1,5,19,Premedicine,Second year,,Full-time student (enrolled in 12 or more credits),No,No,I am a woman,,"Non-Hispanic White or Euro-American (e.g., German, Irish, English, Italian, Polish, French, etc.)",
S34,specs,66,A,7,2,2,5,4,2,6,5,1,2,1,2,2,2,3,2,2,2,1,2,3,3,1,2,2,1,2,3,3,2,2,1,2,2,3,4,2,1,1,1,2,3,4,3,2,5,5,5,5,5,5,5,5,3,5,4,2,2,3,2,4,3,2,20,BBH,Third year,,Full-time student (enrolled in 12 or more credits),"Yes, part-time job or internship",No,I am a woman,,"Non-Hispanic White or Euro-American (e.g., German, Irish, English, Italian, Polish, French, etc.)",
S35,specs,72,A,7,1,2,6,3,1,6,7,5,3,5,1,2,3,5,5,2,5,1,4,1,3,5,2,5,1,3,3,5,5,3,5,4,3,2,5,5,5,4,4,3,2,5,5,5,3,4,4,1,1,3,2,3,1,5,5,1,1,5,5,3,5,5,20,Biological Sciences and Health Professions,Third year,,Full-time student (enrolled in 12 or more credits),No,No,I am a woman,,"Asian or Asian American (e.g., Chinese, Japanese, Filipino, Korean, South Asian, Vietnamese, etc.)",
S36,specs,74,A,6,2,2,5,6,2,6,3,4,2,5,1,2,2,2,4,2,4,3,2,2,3,4,2,3,1,2,2,2,4,2,4,2,2,2,2,5,2,2,3,2,3,4,3,3,2,2,3,2,2,2,2,2,2,5,3,2,2,4,4,2,4,1,19,biology,Second year,,Full-time student (enrolled in 12 or more credits),No,No,I am a woman,,"Non-Hispanic White or Euro-American (e.g., German, Irish, English, Italian, Polish, French, etc.)",
S37,specs,58,A-,3,2,3,4,3,2,5,2,4,2,5,1,2,2,3,4,1,4,3,2,3,3,4,2,4,1,2,1,2,4,2,3,1,2,1,2,2,2,2,2,2,3,5,5,4,3,3,4,2,2,3,3,3,3,2,2,3,3,1,4,3,2,2,19,premedicine,Second year,,Full-time student (enrolled in 12 or more credits),No,Yes,I am a woman,,"Latino/a/e/x or Hispanic American (e.g., Puerto Rican, Mexican, Cuban, Salvadoran, Colombian, etc.)",
S38,specs,68,A,5,5,2,4,3,2,4,4,4,2,5,2,1,3,4,2,3,5,2,2,3,4,2,4,3,4,2,3,4,2,4,3,4,2,4,3,2,2,2,2,2,4,4,5,4,4,3,4,4,4,4,4,4,4,3,1,3,4,2,2,4,2,2,19,Veterinary Science,Second year,,Full-time student (enrolled in 12 or more credits),No,No,I am a woman,,"Non-Hispanic White or Euro-American (e.g., German, Irish, English, Italian, Polish, French, etc.)",
S39,specs,88,A,2,1,6,2,2,2,3,7,3,5,5,3,1,3,4,3,5,4,3,2,4,4,4,4,5,3,1,4,3,4,4,3,3,2,2,4,1,3,3,3,4,4,4,5,3,5,3,4,4,4,4,4,4,4,2,2,5,4,1,1,5,2,4,19,Undecided,Second year,,Full-time student (enrolled in 12 or more credits),No,No,I am a man,,"Asian or Asian American (e.g., Chinese, Japanese, Filipino, Korean, South Asian, Vietnamese, etc.),Non-Hispanic White or Euro-American (e.g., German, Irish, English, Italian, Polish, French, etc.)",
S40,specs,76,A-,5,4,3,4,2,2,3,4,1,3,5,3,1,3,4,4,3,5,2,1,3,2,3,3,5,2,1,3,2,2,3,5,2,1,2,3,4,1,2,3,2,3,5,4,3,3,3,4,3,3,3,2,3,3,5,3,2,3,2,1,3,2,3,18,Biology ,Second year,,Full-time student (enrolled in 12 or more credits),"Yes, part-time job or internship",No,I am a woman,,"Black, Afro-Caribbean, or African American (e.g., Jamaican, Nigerian, Haitian, Ethiopian, etc.),Latino/a/e/x or Hispanic American (e.g., Puerto Rican, Mexican, Cuban, Salvadoran, Colombian, etc.)",
S41,specs,62,A-,7,1,1,7,7,1,7,1,3,3,3,3,3,3,3,3,3,3,3,3,3,3,3,3,3,3,3,3,3,3,3,3,3,3,3,3,5,2,4,2,3,4,2,4,4,2,2,4,2,2,3,4,3,2,5,4,1,1,4,5,5,5,3,19,Biology,Second year,,Full-time student (enrolled in 12 or more credits),"Yes, part-time job or internship",Yes,I am a woman,,"Non-Hispanic White or Euro-American (e.g., German, Irish, English, Italian, Polish, French, etc.)",
S42,specs,66,A-,6,3,5,4,4,5,3,5,1,2,4,2,1,4,4,2,2,3,2,1,2,2,3,2,2,2,1,2,1,2,3,3,2,1,2,1,4,3,4,2,2,4,5,4,4,4,3,4,4,3,5,4,3,3,4,3,3,3,3,4,5,3,2,20,Biology,Third year,,Full-time student (enrolled in 12 or more credits),No,Yes,I am nonbinary,,"Asian or Asian American (e.g., Chinese, Japanese, Filipino, Korean, South Asian, Vietnamese, etc.)",
S43,specs,48,D,5,2,3,4,1,2,1,5,2,5,5,5,1,5,5,3,5,5,3,2,5,5,3,5,5,5,1,5,5,2,5,5,5,1,5,5,4,2,1,2,2,3,4,4,4,3,3,4,3,3,4,3,4,3,3,1,3,3,2,1,4,3,3,19,Chemistry,Second year,,Full-time student (enrolled in 12 or more credits),No,No,I am a woman,,"Non-Hispanic White or Euro-American (e.g., German, Irish, English, Italian, Polish, French, etc.),My race or ethnicity is best described as:",white
S44,specs,82,A,,,,2,2,,3,5,3,4,5,3,1,4,5,3,3,5,3,1,5,5,5,3,5,2,1,5,3,3,4,4,3,1,3,5,1,2,2,2,2,4,4,3,2,4,3,5,3,4,5,4,4,4,2,2,5,4,2,1,2,2,2,19,chemistry,Second year,,Full-time student (enrolled in 12 or more credits),No,No,I am a woman,,"Non-Hispanic White or Euro-American (e.g., German, Irish, English, Italian, Polish, French, etc.)",
S45,specs,,,6,4,3,5,5,2,5,5,4,3,3,2,1,2,3,4,2,5,4,1,2,3,4,3,2,2,2,3,3,3,3,2,2,1,2,2,4,1,1,1,1,4,5,5,4,4,4,4,5,4,4,4,4,3,3,3,3,3,3,3,3,3,3,19,psychology ,Third year,,Full-time student (enrolled in 12 or more credits),No,No,I am a man,,"Middle Eastern, North African, or Arab American (e.g., Lebanese, Iranian, Egyptian, Moroccan, Israeli, Palestinian, etc.),Non-Hispanic White or Euro-American (e.g., German, Irish, English, Italian, Polish, French, etc.)",
S46,specs,76,A,6,2,5,5,3,3,5,5,2,3,4,2,1,2,2,3,3,4,4,2,2,4,3,3,2,2,1,2,3,3,3,3,2,1,2,4,2,3,2,4,2,4,4,4,4,5,5,5,5,5,5,4,5,5,5,5,3,5,5,5,5,5,5,19,Immunology ,Second year,,Full-time student (enrolled in 12 or more credits),"Yes, part-time job or internship",No,I am a man,,"Asian or Asian American (e.g., Chinese, Japanese, Filipino, Korean, South Asian, Vietnamese, etc.)",
S47,specs,62,B,6,2,3,3,2,3,3,6,1,5,4,2,1,3,3,3,4,4,4,1,4,4,4,4,4,3,1,4,4,4,4,4,4,1,4,4,2,4,3,4,2,4,4,4,2,4,4,5,5,4,5,4,4,4,2,2,2,3,2,3,5,3,2,19,Pharmacology,Second year,,Full-time student (enrolled in 12 or more credits),"Yes, part-time job or internship",No,I am a woman,,"Non-Hispanic White or Euro-American (e.g., German, Irish, English, Italian, Polish, French, etc.)",
S48,specs,64,B+,,5,5,6,5,2,,,2,3,4,4,1,5,4,2,4,4,4,1,3,3,2,4,4,4,1,3,3,1,3,3,3,2,2,2,4,1,2,3,1,2,3,3,3,2,2,3,2,3,3,3,3,3,3,3,3,3,3,3,3,3,3,19,science,Third year,,Full-time student (enrolled in 12 or more credits),"Yes, part-time job or internship",No,I am a woman,,"Non-Hispanic White or Euro-American (e.g., German, Irish, English, Italian, Polish, French, etc.)",
S49,specs,64,A,6,6,6,6,1,2,5,2,2,1,5,3,1,1,4,4,2,4,3,1,2,5,5,3,4,3,4,2,4,2,2,4,3,1,2,5,3,2,2,4,4,3,4,4,4,4,3,3,4,4,4,4,5,4,5,3,3,1,4,4,3,4,4,19,bbh,Second year,,Full-time student (enrolled in 12 or more credits),No,No,I am a man,,"Non-Hispanic White or Euro-American (e.g., German, Irish, English, Italian, Polish, French, etc.)",
S50,specs,56,A,6,3,3,3,2,2,3,3,5,3,5,2,2,3,5,5,3,5,2,2,2,5,5,4,3,2,2,5,5,5,3,5,5,2,3,5,3,4,4,4,3,2,4,3,3,3,3,3,3,3,3,3,3,2,5,4,2,3,5,3,3,4,1,20,BBH,Third year,,Full-time student (enrolled in 12 or more credits),"Yes, part-time job or internship",No,I am a woman,,"Non-Hispanic White or Euro-American (e.g., German, Irish, English, Italian, Polish, French, etc.)",
S51,specs,66,B+,5,5,5,3,2,6,2,6,3,2,5,2,2,2,4,3,2,5,2,1,2,3,3,2,4,2,1,3,2,3,4,5,3,1,2,3,2,1,1,1,2,4,4,4,3,4,4,4,4,4,5,5,5,3,4,2,2,2,3,3,3,3,3,19,Biology ,Second year,,Full-time student (enrolled in 12 or more credits),"Yes, part-time job or internship",No,I am a woman,,"Asian or Asian American (e.g., Chinese, Japanese, Filipino, Korean, South Asian, Vietnamese, etc.),Latino/a/e/x or Hispanic American (e.g., Puerto Rican, Mexican, Cuban, Salvadoran, Colombian, etc.)",
S53,specs,,D,6,3,3,5,2,2,5,1,4,4,4,1,1,4,5,4,4,4,4,1,4,5,4,4,4,1,1,4,4,4,4,4,4,1,4,5,3,3,3,3,3,3,3,3,3,3,3,3,3,3,3,3,3,2,4,4,3,1,4,5,2,3,1,20,BBH,Third year,,Full-time student (enrolled in 12 or more credits),"Yes, part-time job or internship",Yes,I am a woman,,"Middle Eastern, North African, or Arab American (e.g., Lebanese, Iranian, Egyptian, Moroccan, Israeli, Palestinian, etc.)",
S54,specs,72,A-,3,3,5,2,3,6,5,5,4,4,4,4,1,1,2,5,5,5,4,1,1,1,5,4,5,4,1,1,1,5,5,4,4,2,1,1,2,1,1,1,1,5,5,5,5,4,5,4,4,4,4,4,4,5,2,1,4,4,1,1,3,1,3,20,Chemical Engineering,Second year,,Full-time student (enrolled in 12 or more credits),No,No,I am a man,,"Non-Hispanic White or Euro-American (e.g., German, Irish, English, Italian, Polish, French, etc.)",
S55,specs,70,B+,6,6,6,2,5,6,2,6,5,1,1,1,1,1,1,5,1,5,1,1,1,1,5,1,1,1,1,1,1,5,1,1,1,1,1,1,5,4,4,4,2,4,5,4,4,3,2,4,2,3,3,3,3,2,5,2,1,1,4,5,3,4,1,19,Biology,Second year,,Full-time student (enrolled in 12 or more credits),No,No,I am a woman,,"Non-Hispanic White or Euro-American (e.g., German, Irish, English, Italian, Polish, French, etc.)",
S56,specs,70,A,6,3,3,5,3,3,5,5,2,2,4,1,1,2,3,3,2,5,3,1,2,3,2,2,2,2,1,2,3,3,4,4,2,1,2,3,5,2,2,2,1,4,5,4,4,3,3,4,4,4,4,3,4,3,4,3,1,2,3,2,3,3,2,20,Biology,Third year,,Full-time student (enrolled in 12 or more credits),"Yes, part-time job or internship",No,I am a woman,,"Non-Hispanic White or Euro-American (e.g., German, Irish, English, Italian, Polish, French, etc.)",
S57,specs,78,A,6,2,2,5,1,2,4,3,2,4,4,4,1,4,3,3,4,4,5,1,4,3,3,4,4,4,1,4,3,2,4,4,4,1,4,3,3,1,1,1,1,5,5,5,5,5,5,5,5,5,5,5,5,4,4,3,2,2,3,1,5,3,2,19,Biochemistry and Molecular Biology,Second year,,Full-time student (enrolled in 12 or more credits),No,No,I am a woman,,"Non-Hispanic White or Euro-American (e.g., German, Irish, English, Italian, Polish, French, etc.)",
S58,specs,68,A,5,6,5,3,5,5,3,3,3,3,4,3,1,3,3,3,3,4,4,1,4,4,3,3,4,4,1,4,4,3,4,4,4,1,3,3,1,1,1,1,1,4,4,4,3,3,3,4,3,3,3,3,3,4,3,2,3,3,2,2,3,4,2,19,Chemistry,Second year,,Full-time student (enrolled in 12 or more credits),No,No,I am a woman,,"Non-Hispanic White or Euro-American (e.g., German, Irish, English, Italian, Polish, French, etc.)",
S59,specs,76,A,6,2,2,6,2,2,3,6,1,4,4,4,1,4,4,1,4,4,4,4,4,4,4,4,4,4,4,4,4,4,4,4,4,1,4,4,4,1,1,1,2,5,5,5,5,3,2,4,3,3,3,3,3,3,4,3,3,3,3,2,4,4,3,19,Pre-medical Medical,Second year,,Full-time student (enrolled in 12 or more credits),No,No,I am a woman,,"Asian or Asian American (e.g., Chinese, Japanese, Filipino, Korean, South Asian, Vietnamese, etc.)",
S60,specs,78,A,3,2,4,1,1,4,1,1,3,4,5,3,1,4,1,5,3,5,4,1,4,4,5,4,5,4,1,3,1,5,5,5,3,1,3,1,1,1,1,1,1,4,5,5,5,3,1,5,1,3,3,3,3,3,2,1,3,5,1,2,4,3,3,18,Chemical Engineering ,First year,,Full-time student (enrolled in 12 or more credits),No,No,I am a man,,"Asian or Asian American (e.g., Chinese, Japanese, Filipino, Korean, South Asian, Vietnamese, etc.)",
S61,specs,80,A,5,4,5,5,3,3,4,2,2,3,5,1,1,2,4,3,2,5,1,1,2,4,4,2,3,1,1,2,3,3,2,5,2,1,2,3,1,1,1,1,1,4,5,4,3,4,3,5,3,4,4,5,4,3,3,1,4,4,1,2,3,2,2,19,Biology,Second year,,Full-time student (enrolled in 12 or more credits),No,No,I am a woman,,"Non-Hispanic White or Euro-American (e.g., German, Irish, English, Italian, Polish, French, etc.)",
S63,specs,58,A-,6,3,4,4,3,2,4,5,1,4,5,2,1,3,4,1,3,5,2,1,3,4,1,2,5,2,1,3,4,1,3,5,2,1,3,4,1,1,1,1,1,5,4,5,5,4,4,4,4,4,4,4,4,4,3,1,4,4,1,2,4,1,3,19,Science B.S.,Second year,,Full-time student (enrolled in 12 or more credits),"Yes, part-time job or internship",No,I am a woman,,"Non-Hispanic White or Euro-American (e.g., German, Irish, English, Italian, Polish, French, etc.)",
S64,specs,72,A-,5,3,4,2,4,3,5,4,5,2,5,1,1,3,4,5,2,5,3,1,4,4,5,3,2,1,1,3,3,5,2,5,2,1,2,3,2,1,1,1,3,4,5,4,3,4,2,5,3,3,4,3,5,3,4,4,3,3,1,4,3,2,3,19,Integrative science,Second year,,Full-time student (enrolled in 12 or more credits),"Yes, part-time job or internship",Yes,I am a woman,,"Black, Afro-Caribbean, or African American (e.g., Jamaican, Nigerian, Haitian, Ethiopian, etc.),Non-Hispanic White or Euro-American (e.g., German, Irish, English, Italian, Polish, French, etc.)",
S66,specs,46,D,5,2,3,5,1,2,3,6,1,5,5,4,1,4,5,4,4,5,4,1,4,4,5,5,5,4,1,4,4,4,4,4,4,1,4,5,5,1,1,1,1,5,5,5,5,4,4,4,3,3,4,4,4,4,4,2,2,3,2,2,4,4,2,19,Integrative Science,Second year,,Full-time student (enrolled in 12 or more credits),No,No,I am a woman,,"Non-Hispanic White or Euro-American (e.g., German, Irish, English, Italian, Polish, French, etc.)",
S67,specs,72,A,5,3,3,4,4,2,5,4,3,2,4,1,1,3,3,3,1,5,1,1,3,4,3,2,1,1,1,3,1,3,2,4,1,1,3,2,2,1,1,1,1,4,5,5,5,4,3,5,3,4,4,3,4,2,3,3,1,3,3,3,3,2,4,19,Bio (vert. phys),Second year,,Full-time student (enrolled in 12 or more credits),No,No,I am a woman,,"Non-Hispanic White or Euro-American (e.g., German, Irish, English, Italian, Polish, French, etc.)",
S68,specs,76,B+,5,2,2,4,3,2,4,4,4,2,5,1,1,2,3,4,2,5,3,2,1,2,3,2,4,2,1,2,2,2,3,4,2,1,2,1,4,1,1,4,2,4,5,5,3,3,3,4,3,3,4,4,4,3,3,1,2,4,2,1,4,2,1,19,Forensic science,Second year,,Full-time student (enrolled in 12 or more credits),No,No,I am a woman,,I prefer not to disclose my racial or ethnic background.,
S69,specs,74,A,5,3,4,4,3,3,5,4,1,3,4,2,1,3,4,2,2,5,3,1,4,5,3,3,4,2,1,4,2,2,2,4,2,1,2,2,3,1,1,1,2,4,4,5,4,4,4,5,3,4,5,4,4,4,4,2,3,4,2,3,3,2,3,19,Genetics and Development,Second year,,Full-time student (enrolled in 12 or more credits),No,No,I am a woman,,"Non-Hispanic White or Euro-American (e.g., German, Irish, English, Italian, Polish, French, etc.)",
S70,specs,72,A,3,5,2,6,7,4,5,5,1,2,4,1,1,4,5,3,3,5,1,1,1,5,5,4,4,4,1,4,4,4,4,4,4,1,4,4,5,1,1,1,1,3,5,5,5,5,3,5,1,4,4,3,4,5,1,1,5,5,1,1,5,1,5,19,Veterinarian and Biomedical Sciences ,Second year,,Full-time student (enrolled in 12 or more credits),No,No,I am a woman,,I prefer not to disclose my racial or ethnic background.,
S71,specs,68,A,5,5,5,5,2,2,5,2,5,4,5,3,1,2,3,5,3,5,4,1,2,5,5,5,5,4,1,3,1,5,5,5,4,1,2,1,1,1,1,1,1,4,5,5,5,4,4,5,3,3,4,3,5,3,5,4,2,3,2,2,4,3,2,21,BIOLOGY,Fourth year,,Full-time student (enrolled in 12 or more credits),"Yes, part-time job or internship",No,I am a man,,"Indigenous American or Alaska Native (e.g., Navajo Nation, Blackfeet Tribe, Inupiat Traditional Gov't., etc.),Non-Hispanic White or Euro-American (e.g., German, Irish, English, Italian, Polish, French, etc.)",
S72,specs,90,A,2,5,6,2,2,5,2,4,3,2,2,2,2,3,2,5,2,5,2,1,2,4,5,2,3,2,1,3,2,4,3,2,2,2,2,2,1,2,1,1,1,5,4,5,5,4,3,4,3,4,4,4,5,4,1,1,4,4,1,1,5,1,5,19,VBSC,Second year,,Full-time student (enrolled in 12 or more credits),"Yes, part-time job or internship",No,I am a woman,,"Non-Hispanic White or Euro-American (e.g., German, Irish, English, Italian, Polish, French, etc.)",
S73,specs,86,A,6,2,2,5,3,1,5,2,3,3,4,1,2,1,1,4,2,4,1,2,2,3,4,1,2,2,3,3,4,2,3,2,4,4,3,3,4,4,3,3,2,2,3,3,4,3,2,3,3,3,2,3,2,2,3,3,2,3,3,4,3,3,4,20,Kinesiology ,Third year,,Full-time student (enrolled in 12 or more credits),No,Yes,I am a man,,"Non-Hispanic White or Euro-American (e.g., German, Irish, English, Italian, Polish, French, etc.)",
S74,specs,72,A,7,1,1,6,3,1,7,2,4,2,3,1,3,1,1,4,1,4,1,1,1,1,4,1,2,1,2,1,1,4,2,2,1,2,1,1,4,3,2,3,2,2,4,4,2,4,3,3,2,3,3,3,3,2,5,4,1,2,4,5,2,5,2,19,VBSC,Second year,,Full-time student (enrolled in 12 or more credits),"Yes, part-time job or internship",No,I am a woman,,"Non-Hispanic White or Euro-American (e.g., German, Irish, English, Italian, Polish, French, etc.)",
S75,specs,72,A,6,2,3,3,3,2,5,2,3,3,5,1,1,4,5,4,3,5,1,1,5,5,4,2,1,1,1,3,4,4,3,3,2,1,2,5,1,1,1,1,1,5,4,2,4,5,4,5,4,4,5,5,5,2,4,2,1,1,2,2,3,2,3,21,Biology,Fourth year,,Full-time student (enrolled in 12 or more credits),"Yes, full-time job or internship",No,I am a woman,,"Non-Hispanic White or Euro-American (e.g., German, Irish, English, Italian, Polish, French, etc.)",
S76,specs,82,A,6,2,5,5,3,2,5,3,3,4,4,2,2,4,5,5,4,5,3,3,4,4,5,4,4,3,2,3,4,5,4,4,3,2,3,4,3,2,2,2,2,3,4,4,4,4,3,4,3,5,4,4,5,3,4,4,2,3,2,2,3,2,3,19,Immunology and Infectious Disease,Second year,,Full-time student (enrolled in 12 or more credits),No,No,I am a man,,"Non-Hispanic White or Euro-American (e.g., German, Irish, English, Italian, Polish, French, etc.),My race or ethnicity is best described as:",mixed
S77,specs,70,A,7,1,1,7,5,1,7,1,4,3,5,2,2,1,2,5,1,5,1,1,3,4,5,1,4,1,2,3,3,4,5,5,2,1,2,3,5,3,1,2,1,4,5,5,5,4,3,5,3,3,3,3,3,2,5,5,1,3,3,5,5,4,3,19,biology,Second year,,Full-time student (enrolled in 12 or more credits),No,No,I am a woman,,"Non-Hispanic White or Euro-American (e.g., German, Irish, English, Italian, Polish, French, etc.)",
S78,specs,62,A,4,4,4,4,4,4,4,4,3,4,4,4,2,4,4,3,5,5,5,1,4,4,3,3,5,3,3,4,4,3,3,3,3,3,3,3,4,2,2,3,4,4,3,2,3,3,3,3,3,3,3,3,3,3,3,3,3,3,3,3,3,3,3,20,BBH ,Second year,,Full-time student (enrolled in 12 or more credits),"Yes, part-time job or internship",No,I am a woman,,"Asian or Asian American (e.g., Chinese, Japanese, Filipino, Korean, South Asian, Vietnamese, etc.)",
S79,specs,82,A,6,5,3,1,5,6,2,5,3,3,2,1,2,2,3,3,2,4,2,1,3,4,4,2,2,1,1,3,3,5,2,2,2,1,2,3,1,1,1,1,1,5,5,4,5,4,3,5,3,4,4,3,4,4,5,3,2,2,3,2,4,3,4,18,Science- BSHP track,Second year,,Full-time student (enrolled in 12 or more credits),No,No,I am a woman,,"Asian or Asian American (e.g., Chinese, Japanese, Filipino, Korean, South Asian, Vietnamese, etc.)",
S80,specs,,,7,2,2,4,1,1,3,1,3,3,5,2,1,4,5,4,4,5,2,1,5,5,5,5,4,2,1,4,5,5,3,5,3,1,2,5,2,4,1,2,2,2,5,5,4,5,4,5,5,5,5,4,5,3,4,2,2,3,1,3,4,3,3,20,Premedicine ,Third year,,Full-time student (enrolled in 12 or more credits),No,No,I am a woman,,"Black, Afro-Caribbean, or African American (e.g., Jamaican, Nigerian, Haitian, Ethiopian, etc.)",
S82,specs,78,A,6,3,3,5,3,3,3,5,1,3,4,3,1,2,2,4,2,5,2,1,2,2,3,2,2,2,1,2,2,3,4,5,2,1,2,2,2,1,1,1,1,4,5,4,4,3,3,3,2,3,2,3,2,2,3,2,2,2,2,2,4,2,2,19,Biology,Second year,,Full-time student (enrolled in 12 or more credits),No,Yes,I am a woman,,"Non-Hispanic White or Euro-American (e.g., German, Irish, English, Italian, Polish, French, etc.)",
S83,specs,76,A,4,4,5,5,6,3,2,5,1,4,4,4,1,4,4,4,4,4,3,1,4,4,4,4,4,3,1,4,4,3,4,4,4,1,4,4,2,1,1,2,2,4,4,5,5,4,4,4,4,5,5,5,5,4,2,2,4,4,2,2,4,2,4,19,Science,First year,,Full-time student (enrolled in 12 or more credits),No,No,I am a woman,,"Non-Hispanic White or Euro-American (e.g., German, Irish, English, Italian, Polish, French, etc.)",
S84,specs,68,A-,3,4,5,3,3,3,2,5,1,3,4,3,1,3,3,3,3,4,3,1,3,4,3,3,3,3,3,3,3,3,3,3,3,3,3,3,2,2,2,2,2,4,4,4,4,4,4,5,4,5,5,5,5,4,2,2,4,4,1,1,4,2,3,19,chemistry,Second year,,Full-time student (enrolled in 12 or more credits),No,No,I am a man,,"Asian or Asian American (e.g., Chinese, Japanese, Filipino, Korean, South Asian, Vietnamese, etc.),Non-Hispanic White or Euro-American (e.g., German, Irish, English, Italian, Polish, French, etc.)",
S85,specs,92,A,6,5,5,4,1,3,5,6,2,3,5,1,1,4,5,4,3,5,3,1,3,3,5,3,5,2,1,4,5,5,5,5,2,1,4,5,3,1,1,1,1,5,5,5,5,5,5,5,5,5,5,5,5,3,4,3,2,3,2,2,4,2,2,18,Biology,Second year,,Full-time student (enrolled in 12 or more credits),No,No,I am a man,,"Asian or Asian American (e.g., Chinese, Japanese, Filipino, Korean, South Asian, Vietnamese, etc.),Non-Hispanic White or Euro-American (e.g., German, Irish, English, Italian, Polish, French, etc.)",
S86,specs,66,A,6,2,1,6,7,1,7,3,1,2,5,1,1,3,4,5,1,5,1,1,1,4,3,1,4,1,1,1,4,3,3,5,1,1,1,4,5,3,4,3,1,2,5,3,4,3,2,5,2,3,3,2,3,2,5,5,1,2,4,5,3,4,1,19,psychology/pre-med,Second year,,Full-time student (enrolled in 12 or more credits),No,No,I am a woman,,"Non-Hispanic White or Euro-American (e.g., German, Irish, English, Italian, Polish, French, etc.)",
S87,specs,64,B,6,6,6,6,3,6,5,5,2,3,4,1,1,3,3,4,2,4,2,1,3,3,3,3,4,3,1,3,2,2,3,4,4,1,3,3,4,1,1,1,1,4,3,4,4,3,3,4,3,3,4,3,4,2,3,2,2,2,3,2,4,4,3,19,Biology,Second year,,Full-time student (enrolled in 12 or more credits),"Yes, part-time job or internship",No,I am a woman,,"Latino/a/e/x or Hispanic American (e.g., Puerto Rican, Mexican, Cuban, Salvadoran, Colombian, etc.)",
S88,specs,64,A-,6,1,3,4,3,2,4,5,2,3,5,1,1,3,4,4,2,5,1,1,3,4,5,2,5,3,1,4,4,5,3,4,4,1,3,3,2,2,2,2,2,3,3,4,4,4,3,4,3,3,3,4,4,2,4,3,3,3,4,3,4,4,2,19,Biology,Second year,,Full-time student (enrolled in 12 or more credits),No,No,I am a woman,,"Non-Hispanic White or Euro-American (e.g., German, Irish, English, Italian, Polish, French, etc.)",
S89,specs,50,D,5,3,5,3,3,3,4,4,5,4,5,3,1,4,5,5,4,5,4,1,4,5,5,4,5,4,2,4,5,5,4,5,5,1,4,5,3,2,2,2,2,2,4,4,4,3,4,4,4,4,4,4,4,3,3,2,3,4,2,2,4,3,4,21,CAMS,Fourth year,,Full-time student (enrolled in 12 or more credits),No,Yes,I am a woman,,"Latino/a/e/x or Hispanic American (e.g., Puerto Rican, Mexican, Cuban, Salvadoran, Colombian, etc.),Non-Hispanic White or Euro-American (e.g., German, Irish, English, Italian, Polish, French, etc.)",
S90,specs,80,A,5,3,3,4,4,3,4,3,3,3,5,2,1,3,2,5,4,5,3,1,3,3,5,3,5,1,1,3,1,4,4,5,3,1,1,3,3,1,1,1,1,2,5,5,4,5,3,5,3,5,5,5,5,4,2,2,5,5,1,1,4,1,3,19,Biobehavioral Health,Second year,,Full-time student (enrolled in 12 or more credits),No,No,I am a woman,,"Non-Hispanic White or Euro-American (e.g., German, Irish, English, Italian, Polish, French, etc.)",
S91,specs,70,A,3,3,,3,3,3,,,2,4,4,2,1,3,5,4,4,3,4,1,2,4,4,4,3,4,1,3,4,2,2,1,2,1,3,4,1,1,1,1,1,2,4,5,4,4,4,4,4,4,4,5,4,4,2,1,3,4,1,2,2,2,3,19,Biology ,Second year,,Full-time student (enrolled in 12 or more credits),No,No,I am a man,,"Non-Hispanic White or Euro-American (e.g., German, Irish, English, Italian, Polish, French, etc.)",
S93,specs,60,B+,5,3,4,5,3,3,4,4,1,3,5,1,1,2,4,4,2,5,1,1,2,2,3,2,1,2,1,2,1,1,3,4,1,1,2,4,2,1,1,1,1,3,5,5,5,5,5,5,5,5,5,5,5,4,3,1,3,3,1,3,4,2,2,19,Biology,Second year,,Full-time student (enrolled in 12 or more credits),No,No,I am a man,,"Non-Hispanic White or Euro-American (e.g., German, Irish, English, Italian, Polish, French, etc.)",
S94,specs,78,A,5,2,3,4,2,2,4,3,3,4,5,3,2,4,5,3,4,4,3,2,4,4,4,4,4,4,1,3,3,4,4,3,4,2,3,4,3,2,2,2,2,3,5,4,4,3,3,4,3,2,3,3,3,3,2,1,4,4,2,2,5,2,3,18,Chemical Engineering,First year,,Full-time student (enrolled in 12 or more credits),No,No,I am a man,,"Non-Hispanic White or Euro-American (e.g., German, Irish, English, Italian, Polish, French, etc.)",
S95,specs,64,A,7,1,1,7,6,1,7,1,1,1,2,1,2,2,5,1,1,5,1,3,2,5,5,1,2,1,3,1,5,5,1,1,1,2,1,4,5,5,5,4,1,2,5,4,3,2,1,2,2,2,4,2,3,2,5,5,1,1,5,5,1,5,4,20,Biology,Third year,,Full-time student (enrolled in 12 or more credits),No,No,I am a woman,,"Non-Hispanic White or Euro-American (e.g., German, Irish, English, Italian, Polish, French, etc.)",
S96,specs,40,D,6,3,4,4,2,2,3,4,4,3,4,3,1,4,3,4,3,4,3,1,3,4,5,3,4,3,1,3,4,4,4,4,3,2,3,4,2,1,1,1,1,3,5,5,5,4,4,5,3,4,4,3,4,4,4,2,3,3,1,1,4,2,2,19,premed,Second year,,Full-time student (enrolled in 12 or more credits),No,No,I am a man,,"Latino/a/e/x or Hispanic American (e.g., Puerto Rican, Mexican, Cuban, Salvadoran, Colombian, etc.),Non-Hispanic White or Euro-American (e.g., German, Irish, English, Italian, Polish, French, etc.)",
S97,specs,82,A,6,2,3,5,3,2,3,3,3,4,4,4,1,3,3,4,4,4,4,1,3,3,3,3,3,3,1,3,3,3,3,3,3,1,3,3,2,1,1,2,1,4,4,4,4,3,3,3,3,3,3,3,3,3,3,3,3,3,3,3,3,3,3,19,Pre Med,Second year,,Full-time student (enrolled in 12 or more credits),"Yes, part-time job or internship",No,I am a woman,,"Non-Hispanic White or Euro-American (e.g., German, Irish, English, Italian, Polish, French, etc.)",
S98,specs,52,C+,6,2,2,5,3,2,6,4,2,3,4,2,1,3,4,2,1,5,2,1,2,3,3,2,4,2,1,3,2,2,4,5,2,1,3,2,4,1,1,4,2,2,5,5,4,3,2,4,2,2,3,3,4,2,5,3,1,1,4,4,3,5,2,19,Forensic Science,Third year,,Full-time student (enrolled in 12 or more credits),No,No,I am a woman,,"Latino/a/e/x or Hispanic American (e.g., Puerto Rican, Mexican, Cuban, Salvadoran, Colombian, etc.),Non-Hispanic White or Euro-American (e.g., German, Irish, English, Italian, Polish, French, etc.)",
S99,specs,90,A,6,2,2,3,3,1,2,6,2,3,4,2,2,4,5,3,3,3,2,2,3,3,3,3,3,2,2,4,3,3,3,3,3,2,3,4,2,2,3,4,3,2,5,5,4,3,2,4,2,2,3,2,3,2,4,4,2,2,3,2,4,3,1,19,Biology,Second year,,Full-time student (enrolled in 12 or more credits),No,No,I am a woman,,"Asian or Asian American (e.g., Chinese, Japanese, Filipino, Korean, South Asian, Vietnamese, etc.)",
S1,specs,72,A,5,2,2,5,4,1,4,4,1,2,5,1,1,1,2,4,2,5,1,1,1,1,3,2,2,1,1,2,1,3,1,2,1,1,1,1,2,1,1,1,1,2,5,4,4,3,2,5,2,4,3,3,3,2,4,2,1,1,3,4,4,3,2,20,Biology,Second year,,Full-time student (enrolled in 12 or more credits),No,No,I am a man,,"Non-Hispanic White or Euro-American (e.g., German, Irish, English, Italian, Polish, French, etc.)",
S2,specs,56,D,7,2,3,5,7,1,5,3,4,2,4,3,4,3,3,3,3,3,3,3,3,3,4,3,3,4,3,3,3,5,3,3,3,3,3,3,5,1,1,4,2,4,5,5,3,2,3,2,3,2,2,2,2,3,5,3,2,2,4,4,2,4,2,21,Kinesiology ,Fourth year,,Full-time student (enrolled in 12 or more credits),"Yes, part-time job or internship",Yes,I am a woman,,"Black, Afro-Caribbean, or African American (e.g., Jamaican, Nigerian, Haitian, Ethiopian, etc.)",
S3,specs,68,B,4,2,3,6,7,3,7,5,3,1,4,2,3,3,4,5,2,4,1,2,3,2,5,2,1,1,3,3,3,5,3,3,3,3,3,2,4,2,3,2,3,4,4,4,4,4,4,4,4,4,3,3,3,2,5,5,2,2,3,4,2,5,1,19,Biology,Second year,,Full-time student (enrolled in 12 or more credits),"Yes, part-time job or internship",No,I am a woman,,"Black, Afro-Caribbean, or African American (e.g., Jamaican, Nigerian, Haitian, Ethiopian, etc.)",
S4,specs,56,B,5,2,2,5,4,2,5,3,1,3,4,1,2,4,4,2,3,4,3,3,3,4,3,3,4,2,1,3,3,2,4,4,3,1,4,4,4,2,2,4,2,2,4,3,4,1,1,2,1,2,2,2,3,3,4,3,2,2,3,3,4,3,3,19,Biology,Second year,,Full-time student (enrolled in 12 or more credits),No,No,I am a woman,,"Non-Hispanic White or Euro-American (e.g., German, Irish, English, Italian, Polish, French, etc.)",
S5,specs,56,D,5,3,4,5,3,3,4,4,2,2,3,1,3,2,3,2,2,2,2,3,3,3,3,3,3,3,2,2,3,3,3,3,3,3,2,3,3,3,3,3,3,3,3,3,3,3,3,3,3,3,3,3,3,3,4,4,2,2,3,3,3,3,3,20,Biological Sciences and Health Professions ,Third year,,Full-time student (enrolled in 12 or more credits),"Yes, part-time job or internship",No,I am a woman,,"Latino/a/e/x or Hispanic American (e.g., Puerto Rican, Mexican, Cuban, Salvadoran, Colombian, etc.)",
S6,specs,72,A,5,4,5,3,1,3,2,7,5,5,5,5,1,5,5,5,5,5,4,1,5,5,5,5,4,3,1,5,5,5,5,5,5,1,5,5,1,1,1,1,1,4,5,5,5,5,5,5,5,5,4,4,2,5,3,2,4,5,2,1,4,2,5,19,Biology,Second year,,Full-time student (enrolled in 12 or more credits),No,No,I am a woman,,"Latino/a/e/x or Hispanic American (e.g., Puerto Rican, Mexican, Cuban, Salvadoran, Colombian, etc.)",
S7,specs,56,A-,6,2,1,7,6,2,7,2,1,1,5,1,3,1,2,1,1,5,1,1,1,1,1,1,4,1,2,1,1,1,1,4,1,1,1,1,4,1,1,2,1,3,4,5,4,4,3,4,2,4,4,4,4,2,5,5,1,1,3,5,2,4,2,19,Premed,Second year,,Full-time student (enrolled in 12 or more credits),No,No,I am a woman,,"Asian or Asian American (e.g., Chinese, Japanese, Filipino, Korean, South Asian, Vietnamese, etc.),Non-Hispanic White or Euro-American (e.g., German, Irish, English, Italian, Polish, French, etc.)",
S8,specs,76,A,5,3,3,5,2,3,3,3,2,4,4,3,1,3,3,4,3,4,3,1,2,2,3,3,3,3,1,2,3,3,3,3,3,1,3,3,4,2,1,2,2,2,5,5,4,5,5,5,5,5,5,5,5,4,3,1,2,4,2,1,4,3,3,18,Geoscience ,Second year,,Full-time student (enrolled in 12 or more credits),No,No,I am a man,,"Latino/a/e/x or Hispanic American (e.g., Puerto Rican, Mexican, Cuban, Salvadoran, Colombian, etc.)",
S9,specs,54,B+,7,2,1,2,5,1,7,2,2,1,5,2,1,2,2,5,2,5,2,1,2,2,5,2,5,2,1,2,2,5,2,5,2,1,2,2,4,3,4,3,3,2,5,3,2,2,2,2,2,2,3,2,2,3,5,5,1,2,3,4,2,3,2,18,Kinesiology,Second year,,Full-time student (enrolled in 12 or more credits),"Yes, part-time job or internship",No,I am a woman,,"Non-Hispanic White or Euro-American (e.g., German, Irish, English, Italian, Polish, French, etc.)",
S10,specs,72,A,5,2,4,4,1,2,4,5,1,3,5,1,1,3,4,4,3,5,2,1,4,4,4,4,3,2,1,4,4,4,5,5,3,1,3,4,2,3,2,1,2,4,4,5,5,4,3,5,5,5,5,5,5,4,2,1,3,3,1,1,5,2,4,19,Veterinary and Biomedical Sciences,Second year,,Full-time student (enrolled in 12 or more credits),"Yes, part-time job or internship",No,I am a woman,,"Non-Hispanic White or Euro-American (e.g., German, Irish, English, Italian, Polish, French, etc.),My race or ethnicity is best described as:",White
S12,specs,62,A,6,2,2,6,1,2,3,3,3,3,4,3,2,3,4,3,2,4,2,1,4,4,4,2,3,1,1,3,4,4,2,3,2,1,3,3,4,2,2,4,2,2,5,5,3,5,4,4,4,5,5,4,5,4,4,2,2,3,2,2,3,3,2,20,bbh,Third year,,Full-time student (enrolled in 12 or more credits),"Yes, part-time job or internship",No,I am a woman,,"Non-Hispanic White or Euro-American (e.g., German, Irish, English, Italian, Polish, French, etc.)",
S13,specs,44,C,5,3,4,4,4,4,4,4,4,2,4,3,2,4,3,3,3,4,2,4,3,4,4,3,4,2,2,2,2,4,2,4,2,3,2,3,3,1,1,3,2,4,5,5,5,3,3,5,2,3,3,4,5,3,3,4,2,2,4,2,2,3,2,20,Biology,Third year,,Full-time student (enrolled in 12 or more credits),No,Yes,I am a woman,,"Latino/a/e/x or Hispanic American (e.g., Puerto Rican, Mexican, Cuban, Salvadoran, Colombian, etc.)",
S14,specs,82,A,5,3,7,1,1,3,4,7,1,2,5,1,1,1,2,1,1,5,1,1,1,2,5,2,5,1,1,3,2,1,2,5,1,1,1,1,1,2,2,2,2,4,4,4,4,5,5,5,3,5,5,4,5,5,1,1,5,5,1,2,4,1,5,19,chemical engineering,Second year,,Full-time student (enrolled in 12 or more credits),"Yes, part-time job or internship",No,I am a woman,,"Non-Hispanic White or Euro-American (e.g., German, Irish, English, Italian, Polish, French, etc.)",
S15,specs,54,A,5,2,3,5,2,2,4,6,2,3,5,2,1,4,4,3,3,4,4,1,4,4,4,3,2,2,1,3,4,3,3,4,3,1,3,4,2,2,1,2,2,2,5,5,4,4,4,4,4,4,4,4,4,4,4,2,1,3,2,2,3,3,2,19,Biology,Second year,,Full-time student (enrolled in 12 or more credits),"Yes, part-time job or internship",No,I am a man,,"Non-Hispanic White or Euro-American (e.g., German, Irish, English, Italian, Polish, French, etc.)",
S16,specs,52,B+,7,1,1,4,3,1,5,5,1,3,5,3,1,4,5,3,5,5,3,1,3,5,3,3,5,1,1,3,3,3,3,5,3,1,1,3,3,2,1,3,2,1,5,5,5,1,2,2,2,1,3,3,3,5,3,1,1,3,1,2,5,2,5,19,Pre-med,Second year,,Full-time student (enrolled in 12 or more credits),"Yes, part-time job or internship",No,I am a woman,,"Non-Hispanic White or Euro-American (e.g., German, Irish, English, Italian, Polish, French, etc.)",
S17,specs,58,C+,6,7,5,3,4,1,5,1,1,5,4,4,1,4,4,4,2,4,2,2,4,5,5,3,4,2,1,2,5,5,5,5,5,1,3,4,4,1,2,2,1,2,4,5,5,3,3,4,2,3,4,2,4,2,4,4,2,3,2,1,4,4,4,19,Biology,Second year,,Full-time student (enrolled in 12 or more credits),"Yes, part-time job or internship",No,I am a woman,,"Non-Hispanic White or Euro-American (e.g., German, Irish, English, Italian, Polish, French, etc.)",
S18,specs,80,A,2,2,5,2,2,3,4,4,1,2,3,1,1,3,3,3,2,5,4,1,4,3,2,3,1,2,1,3,2,2,2,3,2,1,2,3,1,1,2,1,1,4,3,3,3,5,4,5,4,5,5,4,5,4,3,1,5,5,1,1,3,2,2,19,accelerated pre med,Second year,,Full-time student (enrolled in 12 or more credits),No,No,I am a woman,,"Asian or Asian American (e.g., Chinese, Japanese, Filipino, Korean, South Asian, Vietnamese, etc.),Non-Hispanic White or Euro-American (e.g., German, Irish, English, Italian, Polish, French, etc.)",
S19,specs,66,A-,5,3,3,5,2,3,3,3,4,4,4,4,1,4,4,4,4,4,4,1,4,5,4,4,5,4,1,4,4,4,4,5,5,2,3,5,2,2,1,2,3,3,4,5,3,3,3,3,3,4,5,4,4,4,3,2,4,3,2,1,4,3,4,19,chemical engineering ,Second year,,Full-time student (enrolled in 12 or more credits),"Yes, part-time job or internship",No,I am a woman,,"Asian or Asian American (e.g., Chinese, Japanese, Filipino, Korean, South Asian, Vietnamese, etc.)",
S20,specs,48,F,2,4,5,2,2,5,2,4,4,2,4,2,2,2,2,5,2,5,3,2,2,3,5,3,5,2,1,3,3,5,2,5,2,1,2,1,1,4,2,3,4,2,5,5,4,4,4,5,4,4,5,4,4,5,4,1,4,3,1,1,3,1,2,20,Chemical Engineering,Second year,,Full-time student (enrolled in 12 or more credits),No,No,I am a woman,,"Asian or Asian American (e.g., Chinese, Japanese, Filipino, Korean, South Asian, Vietnamese, etc.)",
S22,specs,64,A,7,2,2,5,2,1,3,2,4,5,4,3,1,4,5,4,4,4,3,1,3,3,4,4,4,4,1,4,3,4,4,4,4,1,4,3,3,3,3,3,3,2,5,5,2,3,3,3,3,3,3,3,3,3,5,4,2,3,4,2,5,3,3,19,Biology ,Second year,,Full-time student (enrolled in 12 or more credits),No,No,I am a woman,,"Black, Afro-Caribbean, or African American (e.g., Jamaican, Nigerian, Haitian, Ethiopian, etc.),Latino/a/e/x or Hispanic American (e.g., Puerto Rican, Mexican, Cuban, Salvadoran, Colombian, etc.),Non-Hispanic White or Euro-American (e.g., German, Irish, English, Italian, Polish, French, etc.)",
S23,specs,82,A,3,3,3,3,5,4,5,6,4,3,4,1,1,1,1,3,2,4,3,1,1,1,4,3,4,1,2,1,1,3,5,5,2,1,1,1,1,2,2,2,2,5,3,4,2,5,5,5,5,5,5,5,5,5,1,1,3,3,1,3,2,1,3,20,Plant Sciences,Third year,,Full-time student (enrolled in 12 or more credits),"Yes, part-time job or internship",No,I am a man,,"Non-Hispanic White or Euro-American (e.g., German, Irish, English, Italian, Polish, French, etc.)",
S24,specs,86,A,5,3,3,4,3,3,4,6,3,2,4,4,2,3,3,4,3,4,2,1,3,3,4,2,4,2,1,3,3,4,4,3,3,1,2,3,2,1,1,2,2,4,4,4,4,4,3,5,3,3,3,4,4,3,4,3,2,2,2,1,5,2,3,19,Biology,Second year,,Full-time student (enrolled in 12 or more credits),"Yes, part-time job or internship",No,I am a man,,"Non-Hispanic White or Euro-American (e.g., German, Irish, English, Italian, Polish, French, etc.)",
S25,specs,58,C,6,2,2,5,3,2,5,2,2,4,4,2,1,4,5,4,3,5,3,1,5,5,4,4,4,2,1,5,5,2,4,5,4,1,5,5,1,1,1,1,1,4,5,5,5,3,3,5,3,3,3,4,4,3,4,1,3,3,2,2,4,2,4,20,Science,Third year,,Full-time student (enrolled in 12 or more credits),No,Yes,I am a woman,,"Non-Hispanic White or Euro-American (e.g., German, Irish, English, Italian, Polish, French, etc.)",
S26,specs,76,A,6,2,3,5,7,3,7,5,3,2,4,2,3,3,1,3,2,4,3,1,3,5,5,4,3,1,3,2,4,4,5,5,3,3,1,3,4,3,1,3,4,2,5,5,4,4,4,3,3,4,3,3,3,2,5,5,2,3,4,5,3,5,2,19,Biology,Second year,,Full-time student (enrolled in 12 or more credits),"Yes, part-time job or internship",No,I am a man,,"Non-Hispanic White or Euro-American (e.g., German, Irish, English, Italian, Polish, French, etc.)",
S27,specs,72,A,5,2,3,4,1,1,4,6,2,1,5,3,1,2,4,4,2,5,4,1,3,4,4,2,3,2,1,3,4,3,2,5,3,1,2,4,1,1,1,2,2,4,5,5,4,4,3,5,3,4,5,4,4,4,3,1,3,4,1,2,5,2,3,19,Premedicine,Second year,,Full-time student (enrolled in 12 or more credits),"Yes, part-time job or internship",No,I am a woman,,"Non-Hispanic White or Euro-American (e.g., German, Irish, English, Italian, Polish, French, etc.)",
S28,specs,64,B+,5,4,5,3,3,3,4,5,4,4,4,3,1,3,3,4,4,4,3,1,3,4,4,4,4,3,1,3,3,3,4,4,3,1,3,3,3,1,1,1,1,4,5,5,5,4,4,5,4,4,4,4,4,4,2,1,2,3,2,2,5,2,4,19,Chemical Engineering ,Second year,,Full-time student (enrolled in 12 or more credits),No,No,I am a woman,,"Non-Hispanic White or Euro-American (e.g., German, Irish, English, Italian, Polish, French, etc.)",
S29,specs,62,A-,6,6,6,5,4,2,5,3,4,2,3,1,2,3,2,4,2,5,1,1,2,5,5,2,3,2,1,2,5,5,4,3,2,1,2,5,4,4,2,2,2,3,5,5,5,2,2,3,2,2,2,2,3,2,5,3,1,2,3,3,3,2,2,19,Psychology neuroscience ,Second year,,Full-time student (enrolled in 12 or more credits),"Yes, part-time job or internship",Yes,I am a woman,,"Non-Hispanic White or Euro-American (e.g., German, Irish, English, Italian, Polish, French, etc.)",
S30,specs,70,A,5,2,3,5,3,2,5,3,2,4,2,2,2,3,4,2,3,1,3,1,3,4,2,2,1,2,3,2,3,1,2,2,2,3,3,4,1,1,1,1,1,5,5,5,3,5,5,5,4,4,5,5,4,4,1,1,2,3,1,2,5,1,4,19,Biology,Second year,,Full-time student (enrolled in 12 or more credits),No,No,I am a man,,"Non-Hispanic White or Euro-American (e.g., German, Irish, English, Italian, Polish, French, etc.)",
S31,specs,70,A,5,2,3,5,3,2,4,3,3,3,5,2,1,4,4,5,4,5,3,1,4,4,5,4,4,3,1,4,4,5,4,5,4,1,4,4,4,2,2,2,1,4,5,5,3,3,4,4,4,4,4,4,4,3,4,2,2,2,2,1,5,2,2,19,Pre-Medicine ,Second year,,Full-time student (enrolled in 12 or more credits),No,Yes,I am a woman,,"Non-Hispanic White or Euro-American (e.g., German, Irish, English, Italian, Polish, French, etc.)",
S100,specs,92,A,3,3,5,2,1,4,3,7,2,4,5,3,1,4,3,4,4,5,5,1,4,3,5,4,4,4,1,4,3,5,4,5,4,1,4,3,4,1,1,1,2,4,4,5,4,5,5,5,5,4,5,5,4,5,2,1,5,5,1,1,4,1,4,20,Chemical engineering,Second year,,Full-time student (enrolled in 12 or more credits),No,No,I am a man,,"Latino/a/e/x or Hispanic American (e.g., Puerto Rican, Mexican, Cuban, Salvadoran, Colombian, etc.)",
S101,specs,72,B-,5,3,2,5,2,2,3,5,3,4,5,3,1,4,3,3,3,4,4,1,3,3,3,3,4,3,1,3,1,3,3,5,3,1,3,3,2,1,1,1,1,4,4,5,4,1,1,1,1,1,1,1,1,3,2,1,1,3,2,3,4,3,3,19,Biology,Second year,,Full-time student (enrolled in 12 or more credits),"Yes, part-time job or internship",No,I am a man,,My race or ethnicity is best described as:,biracial
S102,specs,84,A,6,5,6,4,3,1,3,4,3,3,5,3,1,2,3,3,3,5,3,1,3,4,4,3,5,3,1,4,4,4,3,5,3,1,3,5,4,2,1,2,1,4,5,5,4,4,3,4,4,4,5,5,5,4,2,1,3,3,1,1,5,2,2,19,Animal Science,Second year,,Full-time student (enrolled in 12 or more credits),"Yes, part-time job or internship",No,I am a woman,,"Non-Hispanic White or Euro-American (e.g., German, Irish, English, Italian, Polish, French, etc.)",
S103,specs,84,A,6,2,3,5,3,2,5,3,3,2,1,3,1,3,1,4,3,4,2,1,5,5,5,4,5,2,2,4,5,5,4,5,2,1,2,5,3,1,1,1,1,4,5,5,4,3,2,3,3,3,4,3,3,3,5,4,2,1,3,3,4,3,3,18,Biology,Second year,,Full-time student (enrolled in 12 or more credits),"Yes, part-time job or internship",No,I am a woman,,"Asian or Asian American (e.g., Chinese, Japanese, Filipino, Korean, South Asian, Vietnamese, etc.),Non-Hispanic White or Euro-American (e.g., German, Irish, English, Italian, Polish, French, etc.)",
S104,specs,48,D,5,3,3,5,3,3,5,4,4,3,4,4,1,3,4,3,3,4,4,1,4,5,4,2,4,4,1,3,5,4,4,3,3,1,4,4,4,3,2,3,2,2,4,4,4,4,4,5,4,3,4,4,4,4,4,2,3,3,3,2,4,3,4,19,Veterinary and Biomedical Sciences,Second year,,Full-time student (enrolled in 12 or more credits),"Yes, part-time job or internship",No,I am a woman,,"Non-Hispanic White or Euro-American (e.g., German, Irish, English, Italian, Polish, French, etc.)",
S105,specs,40,D,5,3,4,3,3,3,3,5,3,3,4,1,1,4,5,3,3,4,3,2,3,4,3,3,3,3,1,3,4,3,3,3,3,1,3,4,4,2,1,2,3,4,5,4,3,4,2,5,2,4,5,4,4,1,3,3,2,2,2,1,5,4,2,20,nutritional sciences,Third year,,Full-time student (enrolled in 12 or more credits),No,No,I am a woman,,"Black, Afro-Caribbean, or African American (e.g., Jamaican, Nigerian, Haitian, Ethiopian, etc.)",
S106,specs,84,A,5,3,3,3,3,3,3,5,2,4,5,3,1,3,3,4,4,5,3,1,3,3,1,3,4,3,1,3,3,1,3,5,3,1,3,3,2,1,2,2,2,4,5,4,2,3,2,4,2,4,4,3,4,4,3,1,4,4,2,1,4,1,3,19,Forensic Science,Third year,,Full-time student (enrolled in 12 or more credits),"Yes, part-time job or internship",No,I am a woman,,"Non-Hispanic White or Euro-American (e.g., German, Irish, English, Italian, Polish, French, etc.)",
S107,specs,88,A,5,2,3,5,2,2,3,5,3,5,5,4,1,4,5,4,5,5,5,1,5,5,4,4,4,4,1,4,5,3,5,5,4,1,4,5,1,1,1,1,1,5,4,5,5,5,4,5,5,5,5,5,5,4,3,1,4,4,1,1,5,1,3,18,Chemical Engineering,First year,,Full-time student (enrolled in 12 or more credits),No,No,I am a man,,"Non-Hispanic White or Euro-American (e.g., German, Irish, English, Italian, Polish, French, etc.)",
S108,specs,46,D,6,6,5,5,7,6,6,5,4,4,4,3,1,4,4,4,4,4,4,2,4,5,4,4,4,4,3,4,5,4,5,4,4,4,4,5,2,1,1,1,1,5,5,5,5,4,5,5,4,4,4,4,4,4,4,2,3,4,2,1,5,2,3,20,Biological sciences and health professionals ,Third year,,Full-time student (enrolled in 12 or more credits),"Yes, part-time job or internship",No,I am a woman,,"Latino/a/e/x or Hispanic American (e.g., Puerto Rican, Mexican, Cuban, Salvadoran, Colombian, etc.),Non-Hispanic White or Euro-American (e.g., German, Irish, English, Italian, Polish, French, etc.)",
S109,specs,60,A,6,3,3,4,4,3,4,4,3,3,3,3,3,3,3,3,3,3,3,3,3,3,3,3,3,3,3,3,3,3,3,3,3,3,3,3,3,3,3,3,3,3,3,3,3,3,3,3,3,3,3,3,3,3,3,3,3,3,3,3,3,3,3,19,Premedical-Medical,Second year,,Full-time student (enrolled in 12 or more credits),No,No,I am a woman,,"Asian or Asian American (e.g., Chinese, Japanese, Filipino, Korean, South Asian, Vietnamese, etc.)",
S110,specs,84,A,5,3,3,3,3,3,3,3,3,3,3,3,3,3,3,3,3,3,3,3,3,3,3,3,3,3,3,3,3,3,3,3,3,3,3,3,3,3,3,3,3,3,3,3,3,3,3,3,3,3,3,3,3,3,3,3,3,3,3,3,3,3,3,19,Chemical Engineering ,Second year,,Full-time student (enrolled in 12 or more credits),No,No,I am a woman,,"Asian or Asian American (e.g., Chinese, Japanese, Filipino, Korean, South Asian, Vietnamese, etc.)",
S111,specs,68,A-,5,3,3,5,4,3,4,5,2,3,3,3,2,3,3,3,3,3,4,1,3,3,3,3,2,2,2,3,3,2,3,3,3,2,2,3,3,2,4,2,2,4,4,4,3,3,2,3,2,3,3,4,3,3,2,2,2,2,3,2,3,3,2,19,biology ,Second year,,Full-time student (enrolled in 12 or more credits),No,No,I am a woman,,"Asian or Asian American (e.g., Chinese, Japanese, Filipino, Korean, South Asian, Vietnamese, etc.)",
S112,specs,52,A-,6,2,3,5,3,2,3,6,5,3,5,3,1,3,4,5,4,5,2,1,4,5,5,3,4,3,1,4,5,5,3,3,3,1,2,5,5,2,2,2,2,3,5,5,5,3,3,3,3,3,3,3,3,3,5,4,1,2,3,3,3,4,1,19,Nursing and pre-med,Second year,,Full-time student (enrolled in 12 or more credits),"Yes, full-time job or internship",Yes,I am a woman,,"Asian or Asian American (e.g., Chinese, Japanese, Filipino, Korean, South Asian, Vietnamese, etc.)",
S113,specs,62,A-,6,3,2,6,3,1,6,4,1,2,5,1,2,2,3,3,1,5,2,2,1,3,3,1,2,1,2,1,3,2,1,3,1,2,1,3,3,1,1,2,2,2,4,5,4,3,3,4,2,3,3,3,3,2,5,2,1,1,3,2,2,4,1,19,Biobehavioral Health,Second year,,Full-time student (enrolled in 12 or more credits),"Yes, part-time job or internship",No,I am a woman,,"Non-Hispanic White or Euro-American (e.g., German, Irish, English, Italian, Polish, French, etc.)",
S114,specs,84,A,5,5,3,5,6,5,3,5,3,4,5,2,1,4,4,3,2,5,1,1,4,5,3,3,2,1,1,4,5,3,2,3,2,1,3,5,2,1,1,1,1,5,5,5,5,5,4,4,4,4,5,5,4,3,3,2,2,3,2,2,4,2,1,19,Biology,Second year,,Full-time student (enrolled in 12 or more credits),No,Yes,I am a woman,,"Latino/a/e/x or Hispanic American (e.g., Puerto Rican, Mexican, Cuban, Salvadoran, Colombian, etc.)",
S115,specs,76,A,5,3,4,5,2,3,5,3,3,3,3,3,2,2,4,4,3,5,3,3,3,3,3,3,3,3,2,3,4,3,2,3,2,3,3,3,3,2,1,1,1,4,3,4,3,4,4,4,4,3,4,4,4,3,4,,2,3,2,3,2,3,3,20,Bio,Third year,,Full-time student (enrolled in 12 or more credits),No,No,I am a man,,"Non-Hispanic White or Euro-American (e.g., German, Irish, English, Italian, Polish, French, etc.)",
S116,specs,70,B,5,2,2,5,5,1,6,2,3,4,4,1,1,3,4,2,1,5,1,1,1,2,5,3,3,1,1,2,2,3,3,4,1,1,2,3,2,3,3,3,4,4,5,4,2,3,2,3,1,4,4,3,4,4,5,4,1,2,3,5,2,3,2,20,bbh,Third year,,Full-time student (enrolled in 12 or more credits),No,No,I am a woman,,"Non-Hispanic White or Euro-American (e.g., German, Irish, English, Italian, Polish, French, etc.)",
S117,specs,74,A,6,3,4,4,3,3,5,3,4,3,5,3,1,5,5,5,3,5,3,1,4,5,5,3,5,4,1,5,4,5,4,5,4,1,4,5,4,1,1,1,1,5,5,5,5,4,3,3,2,3,4,3,4,2,4,4,3,3,2,3,4,3,5,19,Biology ,Second year,,Full-time student (enrolled in 12 or more credits),No,No,I am a woman,,"Asian or Asian American (e.g., Chinese, Japanese, Filipino, Korean, South Asian, Vietnamese, etc.)",
S119,specs,62,A-,6,1,2,6,3,1,4,2,3,2,5,4,1,2,4,4,2,5,4,4,3,5,5,3,2,2,1,4,4,4,3,4,4,2,2,4,5,4,2,4,2,2,5,4,2,4,2,4,2,4,4,3,3,3,5,4,2,3,3,2,4,4,1,19,science,Second year,,Full-time student (enrolled in 12 or more credits),No,No,I am a woman,,"Non-Hispanic White or Euro-American (e.g., German, Irish, English, Italian, Polish, French, etc.)",
S120,specs,88,A,5,3,4,,2,3,2,5,1,4,3,3,1,4,4,2,4,2,4,1,4,4,1,4,2,3,1,4,4,2,4,2,3,1,4,4,1,2,2,1,1,3,5,5,4,5,4,5,4,4,5,4,5,5,3,1,3,3,2,1,5,2,3,22,Mathematics,Fourth year,,Full-time student (enrolled in 12 or more credits),"Yes, part-time job or internship",No,I am a man,,"Non-Hispanic White or Euro-American (e.g., German, Irish, English, Italian, Polish, French, etc.)",
S121,specs,56,B,6,2,3,5,3,2,5,5,4,3,4,2,2,3,4,4,3,4,2,1,4,4,4,3,3,2,2,3,4,4,3,3,2,2,3,4,2,1,1,1,1,2,5,5,4,4,4,5,4,4,4,4,4,4,4,2,2,2,2,3,3,2,3,19,biology,Second year,,Full-time student (enrolled in 12 or more credits),No,No,I am a woman,,"Non-Hispanic White or Euro-American (e.g., German, Irish, English, Italian, Polish, French, etc.)",
S122,specs,58,C+,3,5,2,1,1,3,1,3,2,5,5,4,1,5,5,4,5,5,5,1,5,5,4,5,5,5,1,5,3,3,5,5,5,1,5,5,2,1,1,1,1,5,4,5,5,4,4,5,5,4,4,4,5,5,2,1,4,5,1,1,4,2,5,19,Chemical Engineering,Second year,,Full-time student (enrolled in 12 or more credits),No,No,I am a woman,,"Black, Afro-Caribbean, or African American (e.g., Jamaican, Nigerian, Haitian, Ethiopian, etc.),Asian or Asian American (e.g., Chinese, Japanese, Filipino, Korean, South Asian, Vietnamese, etc.),Latino/a/e/x or Hispanic American (e.g., Puerto Rican, Mexican, Cuban, Salvadoran, Colombian, etc.),Non-Hispanic White or Euro-American (e.g., German, Irish, English, Italian, Polish, French, etc.)",
S123,specs,82,A,6,1,2,6,6,1,6,4,1,2,5,1,1,1,2,5,1,5,1,2,1,2,5,2,5,1,3,1,3,5,5,5,1,2,1,2,5,1,2,4,2,1,5,4,2,2,1,3,3,2,3,3,3,1,5,4,1,2,3,5,2,5,1,19,Biomedical Engineering,Second year,,Full-time student (enrolled in 12 or more credits),"Yes, part-time job or internship",No,I am a woman,,"Latino/a/e/x or Hispanic American (e.g., Puerto Rican, Mexican, Cuban, Salvadoran, Colombian, etc.),Non-Hispanic White or Euro-American (e.g., German, Irish, English, Italian, Polish, French, etc.)",
S124,specs,68,A,6,6,6,6,3,2,6,6,3,4,4,4,1,4,4,4,4,4,4,4,4,4,4,4,4,4,1,4,4,4,4,4,4,1,4,4,4,4,2,2,2,4,4,4,4,3,2,3,2,3,3,4,4,2,5,5,1,1,5,4,4,4,1,19,biology,Second year,,Full-time student (enrolled in 12 or more credits),No,No,I am a woman,,"Asian or Asian American (e.g., Chinese, Japanese, Filipino, Korean, South Asian, Vietnamese, etc.),Non-Hispanic White or Euro-American (e.g., German, Irish, English, Italian, Polish, French, etc.)",
S125,specs,56,A-,7,2,2,6,5,1,5,1,1,2,5,2,1,4,4,3,4,4,3,3,4,5,4,3,3,3,1,4,5,3,3,5,3,1,4,5,4,3,2,3,1,2,5,5,2,4,2,3,3,2,3,3,4,3,5,2,1,2,4,3,3,3,4,19,pre-med,Second year,,Full-time student (enrolled in 12 or more credits),No,No,I am a woman,,"Non-Hispanic White or Euro-American (e.g., German, Irish, English, Italian, Polish, French, etc.)",
S126,specs,76,A-,7,6,6,6,6,1,5,3,3,2,3,1,3,3,3,3,2,3,1,3,3,3,3,3,3,3,3,3,3,3,3,3,3,3,3,3,3,3,3,3,3,3,3,3,3,3,3,3,3,3,3,3,3,3,3,3,3,3,3,3,3,3,3,20,BBH,Third year,,Full-time student (enrolled in 12 or more credits),No,No,I am a woman,,"Latino/a/e/x or Hispanic American (e.g., Puerto Rican, Mexican, Cuban, Salvadoran, Colombian, etc.)",
S127,specs,76,A,3,5,6,2,3,5,2,5,4,5,5,4,1,4,5,4,4,4,3,1,5,5,3,4,5,3,1,4,3,4,4,5,4,1,4,4,1,1,1,1,1,5,2,5,5,5,5,5,5,5,5,5,5,4,2,1,3,4,1,1,3,3,2,19,Immunology and Infectious Disease ,Second year,,Full-time student (enrolled in 12 or more credits),No,Yes,I am a man,,"Middle Eastern, North African, or Arab American (e.g., Lebanese, Iranian, Egyptian, Moroccan, Israeli, Palestinian, etc.)",
S128,specs,68,A-,7,2,2,5,3,1,4,4,2,3,5,2,2,3,3,4,2,5,2,1,3,3,4,3,5,2,1,2,3,4,3,4,2,1,2,3,4,1,2,2,2,3,1,4,4,3,2,4,3,3,3,4,3,2,5,4,1,2,4,3,4,5,2,19,biobehavioral health,Third year,,Full-time student (enrolled in 12 or more credits),No,Yes,I am a woman,,"Latino/a/e/x or Hispanic American (e.g., Puerto Rican, Mexican, Cuban, Salvadoran, Colombian, etc.)",
S129,specs,76,B+,3,1,6,1,1,2,1,5,1,5,5,5,1,5,5,4,5,4,5,1,5,5,5,5,5,5,1,5,5,3,5,5,5,1,5,5,1,1,1,1,1,5,5,5,5,5,5,5,5,5,5,5,5,5,1,1,5,5,1,1,3,2,4,19,Chemical Engineering,Second year,,Full-time student (enrolled in 12 or more credits),No,No,I am a man,,"Latino/a/e/x or Hispanic American (e.g., Puerto Rican, Mexican, Cuban, Salvadoran, Colombian, etc.)",
S130,specs,72,A,2,5,2,3,1,4,2,1,4,4,5,4,1,4,5,4,4,5,5,1,4,5,5,5,5,5,1,4,3,4,5,5,5,1,5,5,2,2,2,1,3,4,5,5,5,5,4,5,5,4,5,5,5,4,3,1,5,5,2,1,5,4,1,19,Chemical Engineering,Second year,,Full-time student (enrolled in 12 or more credits),No,No,I am a man,,My race or ethnicity is best described as:,Multi Racial
S131,specs,92,A,4,6,6,3,4,5,4,4,1,4,4,2,1,3,3,3,3,3,3,3,3,3,3,3,3,3,3,3,3,3,3,3,3,3,3,3,1,1,1,1,1,4,4,4,4,3,3,3,3,3,3,3,3,3,3,3,3,3,3,3,3,3,3,18,PMM,Second year,,Full-time student (enrolled in 12 or more credits),"Yes, part-time job or internship",No,I am a man,,"Asian or Asian American (e.g., Chinese, Japanese, Filipino, Korean, South Asian, Vietnamese, etc.)",
S132,specs,42,D,7,1,1,6,4,1,5,4,3,3,4,4,2,3,4,3,3,4,4,2,3,4,2,2,3,4,2,3,4,2,2,3,4,2,3,4,2,2,3,4,3,4,4,4,4,2,2,3,3,2,3,3,3,2,5,4,1,2,4,4,2,4,2,19,BBH,Second year,,Full-time student (enrolled in 12 or more credits),"Yes, part-time job or internship",No,I am a woman,,"Non-Hispanic White or Euro-American (e.g., German, Irish, English, Italian, Polish, French, etc.)",
S133,specs,76,A,2,4,5,3,3,4,2,3,3,4,5,3,1,4,4,4,3,3,3,1,4,4,5,4,4,3,1,4,4,4,4,4,4,1,4,4,1,2,1,2,1,4,4,5,5,4,3,5,3,5,5,5,5,4,1,1,5,5,1,1,4,2,2,19,Chemical Engineering,Second year,,Full-time student (enrolled in 12 or more credits),No,No,I am a woman,,"Non-Hispanic White or Euro-American (e.g., German, Irish, English, Italian, Polish, French, etc.)",
S134,specs,42,F,5,1,3,3,1,2,3,2,3,3,3,3,3,3,3,3,3,3,3,3,3,3,4,4,4,4,2,2,2,4,4,4,4,4,4,4,1,1,1,1,1,3,3,3,3,4,4,4,4,4,4,4,4,4,2,4,4,4,2,2,2,2,2,20,Biology,Third year,,Full-time student (enrolled in 12 or more credits),No,No,I am a man,,"Middle Eastern, North African, or Arab American (e.g., Lebanese, Iranian, Egyptian, Moroccan, Israeli, Palestinian, etc.),Non-Hispanic White or Euro-American (e.g., German, Irish, English, Italian, Polish, French, etc.)",
S135,specs,90,A,2,5,5,2,2,5,1,5,3,5,4,3,1,3,2,4,4,4,4,1,4,4,5,4,4,4,1,4,2,4,4,4,4,2,5,3,1,1,1,1,1,4,2,5,4,4,5,5,4,4,4,4,4,4,2,1,5,5,1,1,5,2,4,18,Chemical Engineering,First year,,Full-time student (enrolled in 12 or more credits),No,No,I am a man,,"Non-Hispanic White or Euro-American (e.g., German, Irish, English, Italian, Polish, French, etc.)",
S136,specs,78,A,5,3,3,5,3,3,5,5,2,3,4,4,1,3,5,4,4,4,2,1,4,4,5,3,2,1,2,3,4,4,2,2,2,1,2,4,4,3,3,2,4,5,4,5,5,4,4,4,4,4,4,4,4,4,4,1,4,3,3,3,4,3,4,19,Biology,Second year,,Full-time student (enrolled in 12 or more credits),No,No,I am a woman,,"Non-Hispanic White or Euro-American (e.g., German, Irish, English, Italian, Polish, French, etc.)",
S137,specs,42,D,6,2,2,6,5,2,5,2,3,2,4,2,2,3,4,4,3,4,2,1,1,4,4,4,4,4,1,2,4,4,2,4,2,1,2,4,2,1,1,1,1,4,4,4,4,3,2,2,2,3,4,3,3,2,4,2,2,2,3,3,4,4,2,19,biology ,Second year,,Full-time student (enrolled in 12 or more credits),"Yes, full-time job or internship",No,I am a woman,,"Non-Hispanic White or Euro-American (e.g., German, Irish, English, Italian, Polish, French, etc.)",
S138,specs,74,A,5,1,3,6,3,2,5,5,3,2,3,2,1,3,4,3,2,4,3,1,3,2,4,2,3,2,1,2,2,4,2,2,2,2,1,4,1,1,1,1,1,4,5,5,5,4,4,4,4,4,4,4,4,4,4,2,3,4,1,3,4,1,1,19,Animal Science,Second year,,Full-time student (enrolled in 12 or more credits),"Yes, part-time job or internship",No,I am a man,,"Non-Hispanic White or Euro-American (e.g., German, Irish, English, Italian, Polish, French, etc.)",
S139,specs,54,B+,5,5,5,5,5,3,5,5,4,2,4,1,1,2,3,4,2,5,1,1,2,3,4,2,3,1,1,2,3,4,2,4,2,1,2,3,2,2,1,1,1,4,4,4,4,3,4,4,4,4,3,4,4,3,4,2,2,2,2,2,4,2,2,19,Biology,Second year,,Full-time student (enrolled in 12 or more credits),No,No,I am a man,,"Asian or Asian American (e.g., Chinese, Japanese, Filipino, Korean, South Asian, Vietnamese, etc.),Native Hawai’ian or Pacific Islander (e.g., Samoan, Guamanian, Chamorro, Tongan, etc.)",
S140,specs,52,C,4,3,4,5,4,5,3,5,1,3,5,2,1,3,4,4,2,5,3,1,2,5,4,5,4,3,3,4,4,3,3,4,3,1,4,5,3,1,1,1,2,5,5,5,5,5,5,5,5,5,5,5,5,4,3,1,3,5,1,3,3,4,4,19,Biology,Second year,,Full-time student (enrolled in 12 or more credits),No,No,I am a man,,"Asian or Asian American (e.g., Chinese, Japanese, Filipino, Korean, South Asian, Vietnamese, etc.)",
S141,specs,56,A-,7,6,6,7,7,1,7,4,4,1,2,1,4,1,4,4,1,4,1,3,1,3,4,1,4,1,5,1,4,4,1,4,1,3,3,3,3,4,3,3,2,4,5,5,1,3,3,3,3,3,3,3,3,3,4,4,1,1,3,1,2,4,4,19,biology ,Second year,,Full-time student (enrolled in 12 or more credits),No,No,I am a woman,,"Non-Hispanic White or Euro-American (e.g., German, Irish, English, Italian, Polish, French, etc.)",
S142,specs,66,A,6,1,2,6,3,1,6,6,4,3,5,3,2,3,2,5,2,5,3,1,2,3,5,2,4,3,1,2,3,3,3,5,2,2,3,3,4,1,2,2,2,2,5,5,4,4,3,5,3,4,4,4,4,3,5,3,2,2,4,2,4,4,3,19,Premedicine,Second year,,Full-time student (enrolled in 12 or more credits),"Yes, part-time job or internship",Yes,I am a woman,,"Non-Hispanic White or Euro-American (e.g., German, Irish, English, Italian, Polish, French, etc.)",
S143,specs,,,6,3,3,3,4,3,5,3,2,3,4,3,1,3,4,4,3,3,3,1,3,4,4,4,3,3,1,3,3,3,4,4,3,1,3,4,3,2,1,1,1,3,5,5,4,4,4,4,3,3,4,3,3,3,3,3,2,3,2,2,4,4,2,19,Integrative Science ,Third year,,Full-time student (enrolled in 12 or more credits),"Yes, part-time job or internship",No,I am a man,,"Asian or Asian American (e.g., Chinese, Japanese, Filipino, Korean, South Asian, Vietnamese, etc.)",
S144,specs,42,C+,5,2,5,3,2,3,4,4,3,4,4,3,2,3,3,4,4,4,3,1,3,3,4,3,3,2,1,3,3,4,3,4,3,1,3,3,1,2,2,2,3,4,4,4,4,4,4,5,4,4,4,4,5,3,3,2,2,3,2,2,4,2,3,19,Biology,Second year,,Full-time student (enrolled in 12 or more credits),"Yes, part-time job or internship",No,I am a man,,"Non-Hispanic White or Euro-American (e.g., German, Irish, English, Italian, Polish, French, etc.)",
S145,specs,82,A,5,2,3,5,3,2,5,3,1,2,5,1,1,2,4,1,1,5,1,1,2,4,1,2,3,2,2,2,2,1,5,5,1,1,1,4,4,1,1,4,1,4,5,5,4,4,4,4,4,4,4,4,3,3,5,3,3,3,3,4,3,4,2,19,Biological Services and Health Professions,Second year,,Full-time student (enrolled in 12 or more credits),No,No,I am a man,,"Non-Hispanic White or Euro-American (e.g., German, Irish, English, Italian, Polish, French, etc.)",
S146,specs,74,A,5,3,3,,2,3,,,2,3,5,2,1,4,5,3,3,5,2,2,5,5,3,3,4,3,2,4,4,4,4,3,4,2,4,5,3,2,3,3,3,2,4,4,2,3,3,3,3,3,3,3,3,2,3,3,3,4,4,3,3,4,3,19,Biology,Second year,,Full-time student (enrolled in 12 or more credits),No,No,I am a woman,,"Non-Hispanic White or Euro-American (e.g., German, Irish, English, Italian, Polish, French, etc.)",
S147,specs,78,A,3,5,5,4,5,5,3,4,3,3,4,2,1,3,3,4,3,5,2,1,3,3,4,2,4,2,1,3,3,4,2,4,2,1,2,2,4,2,2,2,2,5,5,5,5,4,3,5,3,4,4,4,4,3,4,2,2,2,3,2,3,3,3,19,Biology,Second year,,Full-time student (enrolled in 12 or more credits),No,No,I am a woman,,"Non-Hispanic White or Euro-American (e.g., German, Irish, English, Italian, Polish, French, etc.)",
S148,specs,46,C,6,6,6,1,3,6,1,7,3,2,3,2,3,2,3,1,2,2,2,1,2,1,1,3,2,2,3,2,2,1,2,3,2,2,2,2,2,2,3,2,3,4,4,2,4,2,3,3,3,2,2,2,3,3,2,2,4,3,3,3,4,4,3,20,BBH,Third year,,Full-time student (enrolled in 12 or more credits),"Yes, part-time job or internship",No,I am a man,,"Non-Hispanic White or Euro-American (e.g., German, Irish, English, Italian, Polish, French, etc.)",
S150,specs,82,A,6,5,3,5,5,2,5,5,3,2,4,2,2,2,2,5,2,5,2,1,2,4,5,2,3,2,2,3,5,4,5,5,2,1,2,4,5,2,1,3,1,1,5,5,4,3,3,4,2,2,2,2,2,2,4,3,1,2,4,3,4,2,3,18,Biology,Second year,,Full-time student (enrolled in 12 or more credits),"Yes, part-time job or internship",No,I prefer not to disclose my gender or gender identity,,I prefer not to disclose my racial or ethnic background.,
S151,specs,88,A,6,2,3,3,2,2,3,2,4,3,5,3,1,3,4,5,3,5,4,1,3,4,5,4,4,2,1,4,5,5,5,4,3,1,3,4,2,1,1,2,1,5,5,5,4,4,3,4,3,3,4,4,3,3,4,2,3,3,2,2,4,3,2,19,biology,Second year,,Full-time student (enrolled in 12 or more credits),No,Yes,I am a woman,,"Middle Eastern, North African, or Arab American (e.g., Lebanese, Iranian, Egyptian, Moroccan, Israeli, Palestinian, etc.)",
S152,specs,86,A,3,3,5,2,1,2,2,4,1,5,5,3,1,5,5,3,5,5,5,1,5,3,4,5,4,4,1,5,5,3,5,5,5,1,5,5,1,1,1,2,1,4,4,4,5,4,4,5,4,4,5,5,5,4,2,1,4,5,1,1,5,1,4,18,Chemistry,First year,,Full-time student (enrolled in 12 or more credits),No,Yes,I am a woman,,"Non-Hispanic White or Euro-American (e.g., German, Irish, English, Italian, Polish, French, etc.)",
S153,specs,66,A,5,3,5,5,1,3,4,4,2,4,5,2,1,3,5,4,2,5,5,1,5,5,4,3,3,1,1,2,5,4,3,5,3,1,4,5,2,1,1,1,1,4,5,5,3,5,4,5,5,5,4,4,5,4,3,1,2,4,1,3,4,3,3,18,Pre Med ,Second year,,Full-time student (enrolled in 12 or more credits),No,No,I am a woman,,"Non-Hispanic White or Euro-American (e.g., German, Irish, English, Italian, Polish, French, etc.)",
S154,specs,52,B,6,3,4,3,1,2,1,4,5,5,5,3,1,4,5,5,5,5,5,1,4,4,4,5,5,3,1,4,4,4,5,5,5,1,4,4,5,1,1,1,1,4,5,5,4,3,4,5,3,4,4,5,5,3,2,1,3,3,2,1,5,2,2,19,Pharmacology and toxicology,Second year,,Full-time student (enrolled in 12 or more credits),No,Yes,I am a woman,,"Non-Hispanic White or Euro-American (e.g., German, Irish, English, Italian, Polish, French, etc.)",
S155,specs,44,C,7,2,2,5,2,1,4,5,1,4,5,5,1,4,4,5,4,5,3,1,4,4,1,4,4,2,1,3,5,1,3,4,4,1,2,5,4,3,1,2,1,4,5,5,5,3,4,2,2,2,4,2,5,2,5,1,3,1,4,3,4,4,4,19,Biology,Second year,,Full-time student (enrolled in 12 or more credits),No,No,I am a woman,,"Non-Hispanic White or Euro-American (e.g., German, Irish, English, Italian, Polish, French, etc.)",
S156,specs,56,A-,6,2,3,4,3,2,4,3,2,4,5,3,1,4,4,4,4,4,4,1,4,5,3,4,5,4,1,4,4,2,5,5,5,1,4,4,5,1,1,1,1,5,5,5,5,5,5,5,5,5,5,5,5,4,3,1,2,3,3,2,5,4,3,19,Biological science ,Second year,,Full-time student (enrolled in 12 or more credits),No,No,I am a woman,,"Black, Afro-Caribbean, or African American (e.g., Jamaican, Nigerian, Haitian, Ethiopian, etc.)",
S157,specs,70,A,5,3,7,2,1,3,1,1,5,5,5,2,1,3,3,5,5,5,2,1,2,2,5,5,5,3,1,2,2,5,5,5,3,1,2,2,1,1,1,1,1,5,5,5,5,5,4,5,4,5,5,5,5,5,1,1,4,4,1,1,5,1,3,19,Biology,Second year,,Full-time student (enrolled in 12 or more credits),No,No,I am a man,,"Non-Hispanic White or Euro-American (e.g., German, Irish, English, Italian, Polish, French, etc.)",
S158,specs,84,A,5,5,4,5,2,5,4,4,1,3,4,2,1,3,3,3,3,4,2,1,3,4,4,3,3,3,1,3,4,3,3,4,3,1,3,3,2,1,1,1,3,5,5,5,5,4,4,5,4,5,5,4,5,3,3,2,3,3,2,2,5,2,4,19,Biology ,Second year,,Full-time student (enrolled in 12 or more credits),No,No,I am a woman,,"Non-Hispanic White or Euro-American (e.g., German, Irish, English, Italian, Polish, French, etc.)",
S159,specs,68,B+,4,2,3,6,6,2,5,4,3,3,3,1,1,3,4,4,2,5,2,1,3,4,4,3,4,2,1,4,4,4,2,4,2,1,3,4,2,1,1,1,1,3,5,5,4,3,2,4,3,2,3,3,3,3,3,,1,2,2,3,2,2,1,19,Biology,Second year,,Full-time student (enrolled in 12 or more credits),No,Yes,I am a woman,,"Black, Afro-Caribbean, or African American (e.g., Jamaican, Nigerian, Haitian, Ethiopian, etc.)",
S161,specs,92,A,6,2,5,5,1,2,2,5,2,3,5,3,1,3,4,2,2,3,3,1,5,5,3,3,5,2,1,4,5,3,5,5,4,1,4,5,1,1,1,1,1,5,5,5,5,5,5,5,5,5,5,4,5,4,3,1,2,4,1,1,5,1,4,19,Biomedical Engineering,Second year,,Full-time student (enrolled in 12 or more credits),"Yes, part-time job or internship",No,I am a man,,"Non-Hispanic White or Euro-American (e.g., German, Irish, English, Italian, Polish, French, etc.)",
S162,specs,60,A-,6,2,3,5,5,2,5,5,2,3,4,2,1,3,3,3,3,4,3,1,3,3,3,3,4,2,1,2,2,2,3,3,2,1,2,2,4,1,2,2,2,3,5,5,4,3,3,4,2,3,3,3,3,3,5,2,2,2,3,2,2,2,2,19,Biology ,Second year,,Full-time student (enrolled in 12 or more credits),"Yes, part-time job or internship",No,I am a woman,,"Non-Hispanic White or Euro-American (e.g., German, Irish, English, Italian, Polish, French, etc.)",
S163,specs,64,A-,2,3,4,3,1,5,3,5,4,4,5,3,1,4,4,4,4,4,4,1,4,5,5,5,4,4,1,5,5,5,5,4,4,1,5,5,1,1,1,1,2,5,5,5,4,5,4,4,4,4,4,4,4,5,2,1,5,5,1,1,4,2,5,19,ChemE,Second year,,Full-time student (enrolled in 12 or more credits),No,Yes,I am a man,,"Latino/a/e/x or Hispanic American (e.g., Puerto Rican, Mexican, Cuban, Salvadoran, Colombian, etc.),Non-Hispanic White or Euro-American (e.g., German, Irish, English, Italian, Polish, French, etc.)",
S164,specs,68,B,6,2,2,6,2,2,4,5,2,3,5,3,1,2,3,5,3,5,3,1,3,3,5,3,4,4,1,3,3,4,4,4,4,1,3,4,2,1,1,1,1,4,4,5,4,4,4,4,4,4,4,4,4,3,4,3,2,3,3,3,4,2,3,21,Biobehavioral Health,Third year,,Full-time student (enrolled in 12 or more credits),"Yes, part-time job or internship",No,I am a man,,"Non-Hispanic White or Euro-American (e.g., German, Irish, English, Italian, Polish, French, etc.)",
S165,specs,74,A-,3,6,4,4,1,2,4,6,1,4,3,1,1,2,3,1,3,3,3,1,4,4,4,4,1,2,1,4,4,2,4,4,3,1,2,2,1,1,1,1,1,2,4,3,3,5,4,4,4,4,5,5,5,4,2,1,5,4,1,1,5,2,3,19,Chemical Engineering,Second year,,Full-time student (enrolled in 12 or more credits),No,No,I am a woman,,"Non-Hispanic White or Euro-American (e.g., German, Irish, English, Italian, Polish, French, etc.)",
S166,specs,,,7,1,1,7,1,1,2,7,3,4,5,4,2,4,5,5,4,5,5,5,5,5,4,4,4,4,5,5,5,4,4,4,4,5,5,5,4,4,4,4,4,4,5,4,5,5,5,5,5,4,4,4,4,5,5,5,5,5,4,4,4,4,4,20,BBH,Third year,,Full-time student (enrolled in 12 or more credits),"Yes, part-time job or internship",Yes,I am a man,,"Non-Hispanic White or Euro-American (e.g., German, Irish, English, Italian, Polish, French, etc.)",
S167,specs,74,A,7,2,2,3,1,2,4,6,3,5,4,4,1,5,5,4,4,5,5,1,5,5,5,5,5,4,1,5,5,4,5,5,5,1,4,5,2,1,1,2,1,5,5,5,5,4,4,4,4,4,4,4,4,3,2,1,1,2,3,2,5,3,3,19,Biology,Second year,,Full-time student (enrolled in 12 or more credits),No,No,I am a woman,,"Non-Hispanic White or Euro-American (e.g., German, Irish, English, Italian, Polish, French, etc.)",
S168,specs,80,A,2,3,4,3,2,3,3,4,2,3,5,2,1,4,4,4,3,4,2,2,5,5,4,4,3,3,1,5,5,3,4,5,5,1,3,3,4,3,2,3,1,3,4,4,1,4,2,3,2,4,5,3,3,4,2,1,5,4,1,1,4,3,3,19,Chemical Engineer,Second year,,Full-time student (enrolled in 12 or more credits),"Yes, part-time job or internship",No,I am a man,,"Non-Hispanic White or Euro-American (e.g., German, Irish, English, Italian, Polish, French, etc.)",
S170,specs,58,B,5,5,4,2,1,2,2,6,3,5,4,3,1,5,5,4,5,3,3,1,5,5,3,4,3,4,1,5,5,3,4,4,4,1,5,4,2,1,1,1,2,3,4,5,4,3,4,4,4,4,3,3,3,4,4,1,2,4,2,1,5,2,3,21,Plant Science,Third year,,Full-time student (enrolled in 12 or more credits),"Yes, part-time job or internship",No,I am a woman,,"Non-Hispanic White or Euro-American (e.g., German, Irish, English, Italian, Polish, French, etc.)",
S171,specs,66,B+,6,3,2,5,6,2,7,5,5,2,4,2,2,3,3,4,2,5,3,3,2,3,5,3,3,2,2,3,2,3,2,4,2,2,2,3,4,2,4,4,2,2,4,4,4,3,3,4,3,3,4,4,3,3,4,2,2,2,3,4,3,3,3,19,Biology,Second year,,Full-time student (enrolled in 12 or more credits),"Yes, part-time job or internship",No,I am a woman,,"Non-Hispanic White or Euro-American (e.g., German, Irish, English, Italian, Polish, French, etc.)",
S172,specs,70,A,5,4,2,5,1,2,3,3,1,3,5,4,1,5,5,5,4,5,4,1,4,4,5,5,5,3,1,4,4,3,3,5,4,1,3,4,3,2,2,1,2,4,5,5,4,3,3,3,3,3,3,3,3,3,4,3,3,2,2,2,5,2,4,19,BioBehavioral Health ,Second year,,Full-time student (enrolled in 12 or more credits),No,No,I am a woman,,"Non-Hispanic White or Euro-American (e.g., German, Irish, English, Italian, Polish, French, etc.)",
S173,specs,66,A,5,3,3,,2,2,4,3,4,4,4,2,2,4,4,4,4,4,4,1,4,4,3,4,4,3,2,4,4,3,4,3,4,2,3,4,2,1,2,2,2,4,5,4,3,4,4,4,4,3,3,4,4,4,3,4,3,4,2,2,4,3,4,19,Biology,Second year,,Full-time student (enrolled in 12 or more credits),No,No,I am a woman,,"Non-Hispanic White or Euro-American (e.g., German, Irish, English, Italian, Polish, French, etc.)",
S175,specs,48,B,4,5,4,3,2,4,3,6,2,2,4,1,1,3,3,3,3,4,3,1,3,5,4,3,2,1,1,4,5,3,3,2,3,1,3,5,1,1,1,1,1,3,4,5,4,4,3,4,2,4,4,4,5,3,2,2,4,3,1,1,3,2,1,19,Integrative Science ,Third year,,Full-time student (enrolled in 12 or more credits),"Yes, part-time job or internship",Yes,I am a woman,,"Black, Afro-Caribbean, or African American (e.g., Jamaican, Nigerian, Haitian, Ethiopian, etc.)",
S176,specs,76,A,4,2,3,4,2,4,3,5,2,3,4,3,1,4,4,3,3,4,2,3,4,4,2,3,4,2,2,3,3,2,4,4,4,2,3,3,4,3,2,3,2,4,5,5,4,3,3,4,3,3,3,2,4,3,4,4,4,3,3,2,4,3,2,20,Science,Third year,,Full-time student (enrolled in 12 or more credits),No,No,I am a man,,"Asian or Asian American (e.g., Chinese, Japanese, Filipino, Korean, South Asian, Vietnamese, etc.)",
S177,specs,74,A,5,3,3,5,3,3,5,2,2,4,5,1,1,4,4,4,4,4,2,2,4,4,3,4,5,1,1,4,4,4,4,5,4,1,4,4,2,1,1,1,2,5,1,2,3,4,3,5,3,4,5,4,5,3,4,2,4,4,2,2,3,2,2,19,Environmental Systems Engineering,Second year,,Full-time student (enrolled in 12 or more credits),"Yes, part-time job or internship",No,I am a woman,,"Asian or Asian American (e.g., Chinese, Japanese, Filipino, Korean, South Asian, Vietnamese, etc.)",
S178,specs,68,A-,5,3,2,4,3,1,4,3,5,3,4,2,2,3,4,5,2,4,3,4,2,2,5,3,4,3,2,2,2,5,3,4,3,2,2,3,4,4,4,3,4,2,4,2,3,2,2,3,1,2,3,2,2,2,5,4,2,2,4,3,4,4,2,19,Pharmacology ,Second year,,Full-time student (enrolled in 12 or more credits),No,Yes,I am a woman,,"Asian or Asian American (e.g., Chinese, Japanese, Filipino, Korean, South Asian, Vietnamese, etc.)",